depotCity,depotCountry,gglCountryAscii,depotGglAddressAscii,depotGglLat,depotGglLong,emdatCity,emdatCountry,gglCountryAscii,disasterGglAddressAscii,disasterGglLat,disasterGglLong,drivingTime_hrs,distance_km
Ambatondrazaka,Madagascar,Madagascar,"Ambatondrazaka, Madagascar",-17.8237,48.4263,Alaotra-Mangoro,Madagascar,Madagascar,"Ambatondrazaka, Madagascar",-17.8237,48.4263,0,0
Ambatondrazaka,Madagascar,Madagascar,"Ambatondrazaka, Madagascar",-17.8237,48.4263,Amoron'i Mania,Madagascar,Madagascar,"Ambositra, Madagascar",-20.5167,47.25,11,518
Ambatondrazaka,Madagascar,Madagascar,"Ambatondrazaka, Madagascar",-17.8237,48.4263,Analamanga,Madagascar,Madagascar,"Antananarivo, Madagascar",-18.9085,47.5375,6,269
Ambatondrazaka,Madagascar,Madagascar,"Ambatondrazaka, Madagascar",-17.8237,48.4263,Analanjirofo,Madagascar,Madagascar,"Fenoarivo Atsinanana, Madagascar",-17.3843,49.4098,11,496
Ambatondrazaka,Madagascar,Madagascar,"Ambatondrazaka, Madagascar",-17.8237,48.4263,Anosy,Madagascar,Madagascar,"Taolagnaro, Madagascar",-25.0316,46.99,29,1156
Ambatondrazaka,Madagascar,Madagascar,"Ambatondrazaka, Madagascar",-17.8237,48.4263,Atsimo-Andrefana,Madagascar,Madagascar,"Toliara, Madagascar",-23.35,43.6667,22,1187
Ambatondrazaka,Madagascar,Madagascar,"Ambatondrazaka, Madagascar",-17.8237,48.4263,Atsimo-Atsinanana,Madagascar,Madagascar,"Farafangana, Madagascar",-22.8167,47.8167,18,841
Ambatondrazaka,Madagascar,Madagascar,"Ambatondrazaka, Madagascar",-17.8237,48.4263,Atsinanana,Madagascar,Madagascar,"Toamasina, Madagascar",-18.1499,49.4023,8,398
Ambatondrazaka,Madagascar,Madagascar,"Ambatondrazaka, Madagascar",-17.8237,48.4263,Betsiboka,Madagascar,Madagascar,"Maevatanana, Madagascar",-16.9504,46.8281,11,588
Ambatondrazaka,Madagascar,Madagascar,"Ambatondrazaka, Madagascar",-17.8237,48.4263,Boeny,Madagascar,Madagascar,"Mahajanga, Madagascar",-15.7167,46.3167,16,843
Ambatondrazaka,Madagascar,Madagascar,"Ambatondrazaka, Madagascar",-17.8237,48.4263,Bongolava,Madagascar,Madagascar,"Tsiroanomandidy, Madagascar",-18.7698,46.05,9,479
Ambatondrazaka,Madagascar,Madagascar,"Ambatondrazaka, Madagascar",-17.8237,48.4263,Diana,Madagascar,Madagascar,"Antsiranana, Madagascar",-12.2667,49.2833,21,889
Ambatondrazaka,Madagascar,Madagascar,"Ambatondrazaka, Madagascar",-17.8237,48.4263,Haute Matsiatra,Madagascar,Madagascar,"Fianarantsoa, Madagascar",-21.447,47.0872,14,669
Ambatondrazaka,Madagascar,Madagascar,"Ambatondrazaka, Madagascar",-17.8237,48.4263,Ihorombe,Madagascar,Madagascar,"Ihosy, Madagascar",-22.3961,46.1217,17,863
Ambatondrazaka,Madagascar,Madagascar,"Ambatondrazaka, Madagascar",-17.8237,48.4263,Itasy,Madagascar,Madagascar,"Miarinarivo, Madagascar",-18.9608,46.9036,8,359
Ambatondrazaka,Madagascar,Madagascar,"Ambatondrazaka, Madagascar",-17.8237,48.4263,Melaky,Madagascar,Madagascar,"Maintirano, Madagascar",-18.0646,44.0295,14.32,771
Ambatondrazaka,Madagascar,Madagascar,"Ambatondrazaka, Madagascar",-17.8237,48.4263,Menabe,Madagascar,Madagascar,"Morondava, Madagascar",-20.2847,44.3175,17,956
Ambatondrazaka,Madagascar,Madagascar,"Ambatondrazaka, Madagascar",-17.8237,48.4263,Sava,Madagascar,Madagascar,"Sambava, Madagascar",-14.2667,50.1667,23,1055
Ambatondrazaka,Madagascar,Madagascar,"Ambatondrazaka, Madagascar",-17.8237,48.4263,Sofia,Madagascar,Madagascar,"Antsohihy, Madagascar",-14.8762,47.9835,10,483
Ambatondrazaka,Madagascar,Madagascar,"Ambatondrazaka, Madagascar",-17.8237,48.4263,Vakinankaratra,Madagascar,Madagascar,"Antsirabe, Madagascar",-19.8667,47.0333,9,427
Ambatondrazaka,Madagascar,Madagascar,"Ambatondrazaka, Madagascar",-17.8237,48.4263,Vatovavy,Madagascar,Madagascar,"Mananjary, Madagascar",-21.2367,48.3461,14,609
Ambatondrazaka,Madagascar,Madagascar,"Ambatondrazaka, Madagascar",-17.8237,48.4263,Vatovavy-Fitovinany,Madagascar,Madagascar,"Manakara, Madagascar",-22.15,48,16,740
Ambositra,Madagascar,Madagascar,"Ambositra, Madagascar",-20.5167,47.25,Alaotra-Mangoro,Madagascar,Madagascar,"Ambatondrazaka, Madagascar",-17.8237,48.4263,11,517
Ambositra,Madagascar,Madagascar,"Ambositra, Madagascar",-20.5167,47.25,Amoron'i Mania,Madagascar,Madagascar,"Ambositra, Madagascar",-20.5167,47.25,0,0
Ambositra,Madagascar,Madagascar,"Ambositra, Madagascar",-20.5167,47.25,Analamanga,Madagascar,Madagascar,"Antananarivo, Madagascar",-18.9085,47.5375,5,255
Ambositra,Madagascar,Madagascar,"Ambositra, Madagascar",-20.5167,47.25,Analanjirofo,Madagascar,Madagascar,"Fenoarivo Atsinanana, Madagascar",-17.3843,49.4098,15,695
Ambositra,Madagascar,Madagascar,"Ambositra, Madagascar",-20.5167,47.25,Anosy,Madagascar,Madagascar,"Taolagnaro, Madagascar",-25.0316,46.99,19,735
Ambositra,Madagascar,Madagascar,"Ambositra, Madagascar",-20.5167,47.25,Atsimo-Andrefana,Madagascar,Madagascar,"Toliara, Madagascar",-23.35,43.6667,11,670
Ambositra,Madagascar,Madagascar,"Ambositra, Madagascar",-20.5167,47.25,Atsimo-Atsinanana,Madagascar,Madagascar,"Farafangana, Madagascar",-22.8167,47.8167,8,420
Ambositra,Madagascar,Madagascar,"Ambositra, Madagascar",-20.5167,47.25,Atsinanana,Madagascar,Madagascar,"Toamasina, Madagascar",-18.1499,49.4023,12,598
Ambositra,Madagascar,Madagascar,"Ambositra, Madagascar",-20.5167,47.25,Betsiboka,Madagascar,Madagascar,"Maevatanana, Madagascar",-16.9504,46.8281,11,572
Ambositra,Madagascar,Madagascar,"Ambositra, Madagascar",-20.5167,47.25,Boeny,Madagascar,Madagascar,"Mahajanga, Madagascar",-15.7167,46.3167,15,827
Ambositra,Madagascar,Madagascar,"Ambositra, Madagascar",-20.5167,47.25,Bongolava,Madagascar,Madagascar,"Tsiroanomandidy, Madagascar",-18.7698,46.05,6,350
Ambositra,Madagascar,Madagascar,"Ambositra, Madagascar",-20.5167,47.25,Diana,Madagascar,Madagascar,"Antsiranana, Madagascar",-12.2667,49.2833,30,1375
Ambositra,Madagascar,Madagascar,"Ambositra, Madagascar",-20.5167,47.25,Haute Matsiatra,Madagascar,Madagascar,"Fianarantsoa, Madagascar",-21.447,47.0872,3,152
Ambositra,Madagascar,Madagascar,"Ambositra, Madagascar",-20.5167,47.25,Ihorombe,Madagascar,Madagascar,"Ihosy, Madagascar",-22.3961,46.1217,6,345
Ambositra,Madagascar,Madagascar,"Ambositra, Madagascar",-20.5167,47.25,Itasy,Madagascar,Madagascar,"Miarinarivo, Madagascar",-18.9608,46.9036,5,275
Ambositra,Madagascar,Madagascar,"Ambositra, Madagascar",-20.5167,47.25,Melaky,Madagascar,Madagascar,"Maintirano, Madagascar",-18.0646,44.0295,11.27,642
Ambositra,Madagascar,Madagascar,"Ambositra, Madagascar",-20.5167,47.25,Menabe,Madagascar,Madagascar,"Morondava, Madagascar",-20.2847,44.3175,6,439
Ambositra,Madagascar,Madagascar,"Ambositra, Madagascar",-20.5167,47.25,Sava,Madagascar,Madagascar,"Sambava, Madagascar",-14.2667,50.1667,31,1541
Ambositra,Madagascar,Madagascar,"Ambositra, Madagascar",-20.5167,47.25,Sofia,Madagascar,Madagascar,"Antsohihy, Madagascar",-14.8762,47.9835,18,951
Ambositra,Madagascar,Madagascar,"Ambositra, Madagascar",-20.5167,47.25,Vakinankaratra,Madagascar,Madagascar,"Antsirabe, Madagascar",-19.8667,47.0333,2,90
Ambositra,Madagascar,Madagascar,"Ambositra, Madagascar",-20.5167,47.25,Vatovavy,Madagascar,Madagascar,"Mananjary, Madagascar",-21.2367,48.3461,5,274
Ambositra,Madagascar,Madagascar,"Ambositra, Madagascar",-20.5167,47.25,Vatovavy-Fitovinany,Madagascar,Madagascar,"Manakara, Madagascar",-22.15,48,6,319
Antananarivo Renivohitra,Madagascar,Madagascar,"Antananarivo Renivohitra, Madagascar",-18.9085,47.5375,Alaotra-Mangoro,Madagascar,Madagascar,"Ambatondrazaka, Madagascar",-17.8237,48.4263,6,269
Antananarivo Renivohitra,Madagascar,Madagascar,"Antananarivo Renivohitra, Madagascar",-18.9085,47.5375,Amoron'i Mania,Madagascar,Madagascar,"Ambositra, Madagascar",-20.5167,47.25,5,255
Antananarivo Renivohitra,Madagascar,Madagascar,"Antananarivo Renivohitra, Madagascar",-18.9085,47.5375,Analamanga,Madagascar,Madagascar,"Antananarivo, Madagascar",-18.9085,47.5375,0,0
Antananarivo Renivohitra,Madagascar,Madagascar,"Antananarivo Renivohitra, Madagascar",-18.9085,47.5375,Analanjirofo,Madagascar,Madagascar,"Fenoarivo Atsinanana, Madagascar",-17.3843,49.4098,10,447
Antananarivo Renivohitra,Madagascar,Madagascar,"Antananarivo Renivohitra, Madagascar",-18.9085,47.5375,Anosy,Madagascar,Madagascar,"Taolagnaro, Madagascar",-25.0316,46.99,24,991
Antananarivo Renivohitra,Madagascar,Madagascar,"Antananarivo Renivohitra, Madagascar",-18.9085,47.5375,Atsimo-Andrefana,Madagascar,Madagascar,"Toliara, Madagascar",-23.35,43.6667,16,925
Antananarivo Renivohitra,Madagascar,Madagascar,"Antananarivo Renivohitra, Madagascar",-18.9085,47.5375,Atsimo-Atsinanana,Madagascar,Madagascar,"Farafangana, Madagascar",-22.8167,47.8167,13,676
Antananarivo Renivohitra,Madagascar,Madagascar,"Antananarivo Renivohitra, Madagascar",-18.9085,47.5375,Atsinanana,Madagascar,Madagascar,"Toamasina, Madagascar",-18.1499,49.4023,7,349
Antananarivo Renivohitra,Madagascar,Madagascar,"Antananarivo Renivohitra, Madagascar",-18.9085,47.5375,Betsiboka,Madagascar,Madagascar,"Maevatanana, Madagascar",-16.9504,46.8281,5,319
Antananarivo Renivohitra,Madagascar,Madagascar,"Antananarivo Renivohitra, Madagascar",-18.9085,47.5375,Boeny,Madagascar,Madagascar,"Mahajanga, Madagascar",-15.7167,46.3167,10,574
Antananarivo Renivohitra,Madagascar,Madagascar,"Antananarivo Renivohitra, Madagascar",-18.9085,47.5375,Bongolava,Madagascar,Madagascar,"Tsiroanomandidy, Madagascar",-18.7698,46.05,3,211
Antananarivo Renivohitra,Madagascar,Madagascar,"Antananarivo Renivohitra, Madagascar",-18.9085,47.5375,Diana,Madagascar,Madagascar,"Antsiranana, Madagascar",-12.2667,49.2833,25,1121
Antananarivo Renivohitra,Madagascar,Madagascar,"Antananarivo Renivohitra, Madagascar",-18.9085,47.5375,Haute Matsiatra,Madagascar,Madagascar,"Fianarantsoa, Madagascar",-21.447,47.0872,8,407
Antananarivo Renivohitra,Madagascar,Madagascar,"Antananarivo Renivohitra, Madagascar",-18.9085,47.5375,Ihorombe,Madagascar,Madagascar,"Ihosy, Madagascar",-22.3961,46.1217,12,601
Antananarivo Renivohitra,Madagascar,Madagascar,"Antananarivo Renivohitra, Madagascar",-18.9085,47.5375,Itasy,Madagascar,Madagascar,"Miarinarivo, Madagascar",-18.9608,46.9036,2,90
Antananarivo Renivohitra,Madagascar,Madagascar,"Antananarivo Renivohitra, Madagascar",-18.9085,47.5375,Melaky,Madagascar,Madagascar,"Maintirano, Madagascar",-18.0646,44.0295,8.33,502
Antananarivo Renivohitra,Madagascar,Madagascar,"Antananarivo Renivohitra, Madagascar",-18.9085,47.5375,Menabe,Madagascar,Madagascar,"Morondava, Madagascar",-20.2847,44.3175,12,694
Antananarivo Renivohitra,Madagascar,Madagascar,"Antananarivo Renivohitra, Madagascar",-18.9085,47.5375,Sava,Madagascar,Madagascar,"Sambava, Madagascar",-14.2667,50.1667,26,1288
Antananarivo Renivohitra,Madagascar,Madagascar,"Antananarivo Renivohitra, Madagascar",-18.9085,47.5375,Sofia,Madagascar,Madagascar,"Antsohihy, Madagascar",-14.8762,47.9835,13,697
Antananarivo Renivohitra,Madagascar,Madagascar,"Antananarivo Renivohitra, Madagascar",-18.9085,47.5375,Vakinankaratra,Madagascar,Madagascar,"Antsirabe, Madagascar",-19.8667,47.0333,3,165
Antananarivo Renivohitra,Madagascar,Madagascar,"Antananarivo Renivohitra, Madagascar",-18.9085,47.5375,Vatovavy,Madagascar,Madagascar,"Mananjary, Madagascar",-21.2367,48.3461,11,529
Antananarivo Renivohitra,Madagascar,Madagascar,"Antananarivo Renivohitra, Madagascar",-18.9085,47.5375,Vatovavy-Fitovinany,Madagascar,Madagascar,"Manakara, Madagascar",-22.15,48,11,574
Fenerive Est,Madagascar,Madagascar,"Fenerive Est, Madagascar",-17.3843,49.4098,Alaotra-Mangoro,Madagascar,Madagascar,"Ambatondrazaka, Madagascar",-17.8237,48.4263,11,496
Fenerive Est,Madagascar,Madagascar,"Fenerive Est, Madagascar",-17.3843,49.4098,Amoron'i Mania,Madagascar,Madagascar,"Ambositra, Madagascar",-20.5167,47.25,15,695
Fenerive Est,Madagascar,Madagascar,"Fenerive Est, Madagascar",-17.3843,49.4098,Analamanga,Madagascar,Madagascar,"Antananarivo, Madagascar",-18.9085,47.5375,10,447
Fenerive Est,Madagascar,Madagascar,"Fenerive Est, Madagascar",-17.3843,49.4098,Analanjirofo,Madagascar,Madagascar,"Fenoarivo Atsinanana, Madagascar",-17.3843,49.4098,0,0
Fenerive Est,Madagascar,Madagascar,"Fenerive Est, Madagascar",-17.3843,49.4098,Anosy,Madagascar,Madagascar,"Taolagnaro, Madagascar",-25.0316,46.99,29,1120
Fenerive Est,Madagascar,Madagascar,"Fenerive Est, Madagascar",-17.3843,49.4098,Atsimo-Andrefana,Madagascar,Madagascar,"Toliara, Madagascar",-23.35,43.6667,25,1257
Fenerive Est,Madagascar,Madagascar,"Fenerive Est, Madagascar",-17.3843,49.4098,Atsimo-Atsinanana,Madagascar,Madagascar,"Farafangana, Madagascar",-22.8167,47.8167,18,805
Fenerive Est,Madagascar,Madagascar,"Fenerive Est, Madagascar",-17.3843,49.4098,Atsinanana,Madagascar,Madagascar,"Toamasina, Madagascar",-18.1499,49.4023,2,102
Fenerive Est,Madagascar,Madagascar,"Fenerive Est, Madagascar",-17.3843,49.4098,Betsiboka,Madagascar,Madagascar,"Maevatanana, Madagascar",-16.9504,46.8281,16,766
Fenerive Est,Madagascar,Madagascar,"Fenerive Est, Madagascar",-17.3843,49.4098,Boeny,Madagascar,Madagascar,"Mahajanga, Madagascar",-15.7167,46.3167,20,1021
Fenerive Est,Madagascar,Madagascar,"Fenerive Est, Madagascar",-17.3843,49.4098,Bongolava,Madagascar,Madagascar,"Tsiroanomandidy, Madagascar",-18.7698,46.05,14,657
Fenerive Est,Madagascar,Madagascar,"Fenerive Est, Madagascar",-17.3843,49.4098,Diana,Madagascar,Madagascar,"Antsiranana, Madagascar",-12.2667,49.2833,32,1392
Fenerive Est,Madagascar,Madagascar,"Fenerive Est, Madagascar",-17.3843,49.4098,Haute Matsiatra,Madagascar,Madagascar,"Fianarantsoa, Madagascar",-21.447,47.0872,17,739
Fenerive Est,Madagascar,Madagascar,"Fenerive Est, Madagascar",-17.3843,49.4098,Ihorombe,Madagascar,Madagascar,"Ihosy, Madagascar",-22.3961,46.1217,20,932
Fenerive Est,Madagascar,Madagascar,"Fenerive Est, Madagascar",-17.3843,49.4098,Itasy,Madagascar,Madagascar,"Miarinarivo, Madagascar",-18.9608,46.9036,12,536
Fenerive Est,Madagascar,Madagascar,"Fenerive Est, Madagascar",-17.3843,49.4098,Melaky,Madagascar,Madagascar,"Maintirano, Madagascar",-18.0646,44.0295,18.57,949
Fenerive Est,Madagascar,Madagascar,"Fenerive Est, Madagascar",-17.3843,49.4098,Menabe,Madagascar,Madagascar,"Morondava, Madagascar",-20.2847,44.3175,22,1134
Fenerive Est,Madagascar,Madagascar,"Fenerive Est, Madagascar",-17.3843,49.4098,Sava,Madagascar,Madagascar,"Sambava, Madagascar",-14.2667,50.1667,34,1558
Fenerive Est,Madagascar,Madagascar,"Fenerive Est, Madagascar",-17.3843,49.4098,Sofia,Madagascar,Madagascar,"Antsohihy, Madagascar",-14.8762,47.9835,21,986
Fenerive Est,Madagascar,Madagascar,"Fenerive Est, Madagascar",-17.3843,49.4098,Vakinankaratra,Madagascar,Madagascar,"Antsirabe, Madagascar",-19.8667,47.0333,13,605
Fenerive Est,Madagascar,Madagascar,"Fenerive Est, Madagascar",-17.3843,49.4098,Vatovavy,Madagascar,Madagascar,"Mananjary, Madagascar",-21.2367,48.3461,14,573
Fenerive Est,Madagascar,Madagascar,"Fenerive Est, Madagascar",-17.3843,49.4098,Vatovavy-Fitovinany,Madagascar,Madagascar,"Manakara, Madagascar",-22.15,48,16,704
Sainte-Marie,Madagascar,Madagascar,"Sainte-Marie, Madagascar",-16.9167,49.9,Alaotra-Mangoro,Madagascar,Madagascar,"Ambatondrazaka, Madagascar",-17.8237,48.4263,13.75,583
Sainte-Marie,Madagascar,Madagascar,"Sainte-Marie, Madagascar",-16.9167,49.9,Amoron'i Mania,Madagascar,Madagascar,"Ambositra, Madagascar",-20.5167,47.25,17.75,783
Sainte-Marie,Madagascar,Madagascar,"Sainte-Marie, Madagascar",-16.9167,49.9,Analamanga,Madagascar,Madagascar,"Antananarivo, Madagascar",-18.9085,47.5375,12.75,534
Sainte-Marie,Madagascar,Madagascar,"Sainte-Marie, Madagascar",-16.9167,49.9,Analanjirofo,Madagascar,Madagascar,"Fenoarivo Atsinanana, Madagascar",-17.3843,49.4098,2.75,88
Sainte-Marie,Madagascar,Madagascar,"Sainte-Marie, Madagascar",-16.9167,49.9,Anosy,Madagascar,Madagascar,"Taolagnaro, Madagascar",-25.0316,46.99,31.75,1208
Sainte-Marie,Madagascar,Madagascar,"Sainte-Marie, Madagascar",-16.9167,49.9,Atsimo-Andrefana,Madagascar,Madagascar,"Toliara, Madagascar",-23.35,43.6667,27.75,1344
Sainte-Marie,Madagascar,Madagascar,"Sainte-Marie, Madagascar",-16.9167,49.9,Atsimo-Atsinanana,Madagascar,Madagascar,"Farafangana, Madagascar",-22.8167,47.8167,20.75,893
Sainte-Marie,Madagascar,Madagascar,"Sainte-Marie, Madagascar",-16.9167,49.9,Atsinanana,Madagascar,Madagascar,"Toamasina, Madagascar",-18.1499,49.4023,4.75,190
Sainte-Marie,Madagascar,Madagascar,"Sainte-Marie, Madagascar",-16.9167,49.9,Betsiboka,Madagascar,Madagascar,"Maevatanana, Madagascar",-16.9504,46.8281,18.75,854
Sainte-Marie,Madagascar,Madagascar,"Sainte-Marie, Madagascar",-16.9167,49.9,Boeny,Madagascar,Madagascar,"Mahajanga, Madagascar",-15.7167,46.3167,23.75,1109
Sainte-Marie,Madagascar,Madagascar,"Sainte-Marie, Madagascar",-16.9167,49.9,Bongolava,Madagascar,Madagascar,"Tsiroanomandidy, Madagascar",-18.7698,46.05,16.75,745
Sainte-Marie,Madagascar,Madagascar,"Sainte-Marie, Madagascar",-16.9167,49.9,Diana,Madagascar,Madagascar,"Antsiranana, Madagascar",-12.2667,49.2833,35.75,1479
Sainte-Marie,Madagascar,Madagascar,"Sainte-Marie, Madagascar",-16.9167,49.9,Haute Matsiatra,Madagascar,Madagascar,"Fianarantsoa, Madagascar",-21.447,47.0872,20.75,826
Sainte-Marie,Madagascar,Madagascar,"Sainte-Marie, Madagascar",-16.9167,49.9,Ihorombe,Madagascar,Madagascar,"Ihosy, Madagascar",-22.3961,46.1217,23.75,1020
Sainte-Marie,Madagascar,Madagascar,"Sainte-Marie, Madagascar",-16.9167,49.9,Itasy,Madagascar,Madagascar,"Miarinarivo, Madagascar",-18.9608,46.9036,14.75,624
Sainte-Marie,Madagascar,Madagascar,"Sainte-Marie, Madagascar",-16.9167,49.9,Melaky,Madagascar,Madagascar,"Maintirano, Madagascar",-18.0646,44.0295,21.35,1037
Sainte-Marie,Madagascar,Madagascar,"Sainte-Marie, Madagascar",-16.9167,49.9,Menabe,Madagascar,Madagascar,"Morondava, Madagascar",-20.2847,44.3175,24.75,1222
Sainte-Marie,Madagascar,Madagascar,"Sainte-Marie, Madagascar",-16.9167,49.9,Sava,Madagascar,Madagascar,"Sambava, Madagascar",-14.2667,50.1667,36.75,1645
Sainte-Marie,Madagascar,Madagascar,"Sainte-Marie, Madagascar",-16.9167,49.9,Sofia,Madagascar,Madagascar,"Antsohihy, Madagascar",-14.8762,47.9835,23.75,1073
Sainte-Marie,Madagascar,Madagascar,"Sainte-Marie, Madagascar",-16.9167,49.9,Vakinankaratra,Madagascar,Madagascar,"Antsirabe, Madagascar",-19.8667,47.0333,15.75,692
Sainte-Marie,Madagascar,Madagascar,"Sainte-Marie, Madagascar",-16.9167,49.9,Vatovavy,Madagascar,Madagascar,"Mananjary, Madagascar",-21.2367,48.3461,16.75,661
Sainte-Marie,Madagascar,Madagascar,"Sainte-Marie, Madagascar",-16.9167,49.9,Vatovavy-Fitovinany,Madagascar,Madagascar,"Manakara, Madagascar",-22.15,48,18.75,792
Maroantsetra,Madagascar,Madagascar,"Maroantsetra, Madagascar",-15.4309,49.7583,Alaotra-Mangoro,Madagascar,Madagascar,"Ambatondrazaka, Madagascar",-17.8237,48.4263,23,790
Maroantsetra,Madagascar,Madagascar,"Maroantsetra, Madagascar",-15.4309,49.7583,Amoron'i Mania,Madagascar,Madagascar,"Ambositra, Madagascar",-20.5167,47.25,28,989
Maroantsetra,Madagascar,Madagascar,"Maroantsetra, Madagascar",-15.4309,49.7583,Analamanga,Madagascar,Madagascar,"Antananarivo, Madagascar",-18.9085,47.5375,23,741
Maroantsetra,Madagascar,Madagascar,"Maroantsetra, Madagascar",-15.4309,49.7583,Analanjirofo,Madagascar,Madagascar,"Fenoarivo Atsinanana, Madagascar",-17.3843,49.4098,12,294
Maroantsetra,Madagascar,Madagascar,"Maroantsetra, Madagascar",-15.4309,49.7583,Anosy,Madagascar,Madagascar,"Taolagnaro, Madagascar",-25.0316,46.99,42,1414
Maroantsetra,Madagascar,Madagascar,"Maroantsetra, Madagascar",-15.4309,49.7583,Atsimo-Andrefana,Madagascar,Madagascar,"Toliara, Madagascar",-23.35,43.6667,38,1551
Maroantsetra,Madagascar,Madagascar,"Maroantsetra, Madagascar",-15.4309,49.7583,Atsimo-Atsinanana,Madagascar,Madagascar,"Farafangana, Madagascar",-22.8167,47.8167,31,1099
Maroantsetra,Madagascar,Madagascar,"Maroantsetra, Madagascar",-15.4309,49.7583,Atsinanana,Madagascar,Madagascar,"Toamasina, Madagascar",-18.1499,49.4023,15,396
Maroantsetra,Madagascar,Madagascar,"Maroantsetra, Madagascar",-15.4309,49.7583,Betsiboka,Madagascar,Madagascar,"Maevatanana, Madagascar",-16.9504,46.8281,28,1060
Maroantsetra,Madagascar,Madagascar,"Maroantsetra, Madagascar",-15.4309,49.7583,Boeny,Madagascar,Madagascar,"Mahajanga, Madagascar",-15.7167,46.3167,33,1315
Maroantsetra,Madagascar,Madagascar,"Maroantsetra, Madagascar",-15.4309,49.7583,Bongolava,Madagascar,Madagascar,"Tsiroanomandidy, Madagascar",-18.7698,46.05,26,951
Maroantsetra,Madagascar,Madagascar,"Maroantsetra, Madagascar",-15.4309,49.7583,Diana,Madagascar,Madagascar,"Antsiranana, Madagascar",-12.2667,49.2833,45,1686
Maroantsetra,Madagascar,Madagascar,"Maroantsetra, Madagascar",-15.4309,49.7583,Haute Matsiatra,Madagascar,Madagascar,"Fianarantsoa, Madagascar",-21.447,47.0872,30,1033
Maroantsetra,Madagascar,Madagascar,"Maroantsetra, Madagascar",-15.4309,49.7583,Ihorombe,Madagascar,Madagascar,"Ihosy, Madagascar",-22.3961,46.1217,33,1226
Maroantsetra,Madagascar,Madagascar,"Maroantsetra, Madagascar",-15.4309,49.7583,Itasy,Madagascar,Madagascar,"Miarinarivo, Madagascar",-18.9608,46.9036,24,830
Maroantsetra,Madagascar,Madagascar,"Maroantsetra, Madagascar",-15.4309,49.7583,Melaky,Madagascar,Madagascar,"Maintirano, Madagascar",-18.0646,44.0295,31,1241
Maroantsetra,Madagascar,Madagascar,"Maroantsetra, Madagascar",-15.4309,49.7583,Menabe,Madagascar,Madagascar,"Morondava, Madagascar",-20.2847,44.3175,34,1428
Maroantsetra,Madagascar,Madagascar,"Maroantsetra, Madagascar",-15.4309,49.7583,Sava,Madagascar,Madagascar,"Sambava, Madagascar",-14.2667,50.1667,47,1852
Maroantsetra,Madagascar,Madagascar,"Maroantsetra, Madagascar",-15.4309,49.7583,Sofia,Madagascar,Madagascar,"Antsohihy, Madagascar",-14.8762,47.9835,33,1280
Maroantsetra,Madagascar,Madagascar,"Maroantsetra, Madagascar",-15.4309,49.7583,Vakinankaratra,Madagascar,Madagascar,"Antsirabe, Madagascar",-19.8667,47.0333,26,899
Maroantsetra,Madagascar,Madagascar,"Maroantsetra, Madagascar",-15.4309,49.7583,Vatovavy,Madagascar,Madagascar,"Mananjary, Madagascar",-21.2367,48.3461,27,867
Maroantsetra,Madagascar,Madagascar,"Maroantsetra, Madagascar",-15.4309,49.7583,Vatovavy-Fitovinany,Madagascar,Madagascar,"Manakara, Madagascar",-22.15,48,29,998
Mananara,Madagascar,Madagascar,"Mananara, Madagascar",-16.1702,49.7741,Alaotra-Mangoro,Madagascar,Madagascar,"Ambatondrazaka, Madagascar",-17.8237,48.4263,17,683
Mananara,Madagascar,Madagascar,"Mananara, Madagascar",-16.1702,49.7741,Amoron'i Mania,Madagascar,Madagascar,"Ambositra, Madagascar",-20.5167,47.25,22,883
Mananara,Madagascar,Madagascar,"Mananara, Madagascar",-16.1702,49.7741,Analamanga,Madagascar,Madagascar,"Antananarivo, Madagascar",-18.9085,47.5375,17,634
Mananara,Madagascar,Madagascar,"Mananara, Madagascar",-16.1702,49.7741,Analanjirofo,Madagascar,Madagascar,"Fenoarivo Atsinanana, Madagascar",-17.3843,49.4098,6,188
Mananara,Madagascar,Madagascar,"Mananara, Madagascar",-16.1702,49.7741,Anosy,Madagascar,Madagascar,"Taolagnaro, Madagascar",-25.0316,46.99,36,1308
Mananara,Madagascar,Madagascar,"Mananara, Madagascar",-16.1702,49.7741,Atsimo-Andrefana,Madagascar,Madagascar,"Toliara, Madagascar",-23.35,43.6667,32,1444
Mananara,Madagascar,Madagascar,"Mananara, Madagascar",-16.1702,49.7741,Atsimo-Atsinanana,Madagascar,Madagascar,"Farafangana, Madagascar",-22.8167,47.8167,25,993
Mananara,Madagascar,Madagascar,"Mananara, Madagascar",-16.1702,49.7741,Atsinanana,Madagascar,Madagascar,"Toamasina, Madagascar",-18.1499,49.4023,9,290
Mananara,Madagascar,Madagascar,"Mananara, Madagascar",-16.1702,49.7741,Betsiboka,Madagascar,Madagascar,"Maevatanana, Madagascar",-16.9504,46.8281,22,954
Mananara,Madagascar,Madagascar,"Mananara, Madagascar",-16.1702,49.7741,Boeny,Madagascar,Madagascar,"Mahajanga, Madagascar",-15.7167,46.3167,27,1209
Mananara,Madagascar,Madagascar,"Mananara, Madagascar",-16.1702,49.7741,Bongolava,Madagascar,Madagascar,"Tsiroanomandidy, Madagascar",-18.7698,46.05,20,845
Mananara,Madagascar,Madagascar,"Mananara, Madagascar",-16.1702,49.7741,Diana,Madagascar,Madagascar,"Antsiranana, Madagascar",-12.2667,49.2833,39,1579
Mananara,Madagascar,Madagascar,"Mananara, Madagascar",-16.1702,49.7741,Haute Matsiatra,Madagascar,Madagascar,"Fianarantsoa, Madagascar",-21.447,47.0872,24,926
Mananara,Madagascar,Madagascar,"Mananara, Madagascar",-16.1702,49.7741,Ihorombe,Madagascar,Madagascar,"Ihosy, Madagascar",-22.3961,46.1217,27,1120
Mananara,Madagascar,Madagascar,"Mananara, Madagascar",-16.1702,49.7741,Itasy,Madagascar,Madagascar,"Miarinarivo, Madagascar",-18.9608,46.9036,18,724
Mananara,Madagascar,Madagascar,"Mananara, Madagascar",-16.1702,49.7741,Melaky,Madagascar,Madagascar,"Maintirano, Madagascar",-18.0646,44.0295,25,1137
Mananara,Madagascar,Madagascar,"Mananara, Madagascar",-16.1702,49.7741,Menabe,Madagascar,Madagascar,"Morondava, Madagascar",-20.2847,44.3175,28,1322
Mananara,Madagascar,Madagascar,"Mananara, Madagascar",-16.1702,49.7741,Sava,Madagascar,Madagascar,"Sambava, Madagascar",-14.2667,50.1667,41,1745
Mananara,Madagascar,Madagascar,"Mananara, Madagascar",-16.1702,49.7741,Sofia,Madagascar,Madagascar,"Antsohihy, Madagascar",-14.8762,47.9835,27,1173
Mananara,Madagascar,Madagascar,"Mananara, Madagascar",-16.1702,49.7741,Vakinankaratra,Madagascar,Madagascar,"Antsirabe, Madagascar",-19.8667,47.0333,20,792
Mananara,Madagascar,Madagascar,"Mananara, Madagascar",-16.1702,49.7741,Vatovavy,Madagascar,Madagascar,"Mananjary, Madagascar",-21.2367,48.3461,21,761
Mananara,Madagascar,Madagascar,"Mananara, Madagascar",-16.1702,49.7741,Vatovavy-Fitovinany,Madagascar,Madagascar,"Manakara, Madagascar",-22.15,48,23,892
Soanierana Ivongo,Madagascar,Madagascar,"Soanierana Ivongo, Madagascar",-16.9261,49.5871,Alaotra-Mangoro,Madagascar,Madagascar,"Ambatondrazaka, Madagascar",-17.8237,48.4263,12,558
Soanierana Ivongo,Madagascar,Madagascar,"Soanierana Ivongo, Madagascar",-16.9261,49.5871,Amoron'i Mania,Madagascar,Madagascar,"Ambositra, Madagascar",-20.5167,47.25,16,758
Soanierana Ivongo,Madagascar,Madagascar,"Soanierana Ivongo, Madagascar",-16.9261,49.5871,Analamanga,Madagascar,Madagascar,"Antananarivo, Madagascar",-18.9085,47.5375,11,509
Soanierana Ivongo,Madagascar,Madagascar,"Soanierana Ivongo, Madagascar",-16.9261,49.5871,Analanjirofo,Madagascar,Madagascar,"Fenoarivo Atsinanana, Madagascar",-17.3843,49.4098,1,63
Soanierana Ivongo,Madagascar,Madagascar,"Soanierana Ivongo, Madagascar",-16.9261,49.5871,Anosy,Madagascar,Madagascar,"Taolagnaro, Madagascar",-25.0316,46.99,30,1183
Soanierana Ivongo,Madagascar,Madagascar,"Soanierana Ivongo, Madagascar",-16.9261,49.5871,Atsimo-Andrefana,Madagascar,Madagascar,"Toliara, Madagascar",-23.35,43.6667,26,1319
Soanierana Ivongo,Madagascar,Madagascar,"Soanierana Ivongo, Madagascar",-16.9261,49.5871,Atsimo-Atsinanana,Madagascar,Madagascar,"Farafangana, Madagascar",-22.8167,47.8167,19,868
Soanierana Ivongo,Madagascar,Madagascar,"Soanierana Ivongo, Madagascar",-16.9261,49.5871,Atsinanana,Madagascar,Madagascar,"Toamasina, Madagascar",-18.1499,49.4023,3,165
Soanierana Ivongo,Madagascar,Madagascar,"Soanierana Ivongo, Madagascar",-16.9261,49.5871,Betsiboka,Madagascar,Madagascar,"Maevatanana, Madagascar",-16.9504,46.8281,17,829
Soanierana Ivongo,Madagascar,Madagascar,"Soanierana Ivongo, Madagascar",-16.9261,49.5871,Boeny,Madagascar,Madagascar,"Mahajanga, Madagascar",-15.7167,46.3167,22,1084
Soanierana Ivongo,Madagascar,Madagascar,"Soanierana Ivongo, Madagascar",-16.9261,49.5871,Bongolava,Madagascar,Madagascar,"Tsiroanomandidy, Madagascar",-18.7698,46.05,15,720
Soanierana Ivongo,Madagascar,Madagascar,"Soanierana Ivongo, Madagascar",-16.9261,49.5871,Diana,Madagascar,Madagascar,"Antsiranana, Madagascar",-12.2667,49.2833,34,1454
Soanierana Ivongo,Madagascar,Madagascar,"Soanierana Ivongo, Madagascar",-16.9261,49.5871,Haute Matsiatra,Madagascar,Madagascar,"Fianarantsoa, Madagascar",-21.447,47.0872,19,801
Soanierana Ivongo,Madagascar,Madagascar,"Soanierana Ivongo, Madagascar",-16.9261,49.5871,Ihorombe,Madagascar,Madagascar,"Ihosy, Madagascar",-22.3961,46.1217,22,995
Soanierana Ivongo,Madagascar,Madagascar,"Soanierana Ivongo, Madagascar",-16.9261,49.5871,Itasy,Madagascar,Madagascar,"Miarinarivo, Madagascar",-18.9608,46.9036,13,599
Soanierana Ivongo,Madagascar,Madagascar,"Soanierana Ivongo, Madagascar",-16.9261,49.5871,Melaky,Madagascar,Madagascar,"Maintirano, Madagascar",-18.0646,44.0295,19.6,1012
Soanierana Ivongo,Madagascar,Madagascar,"Soanierana Ivongo, Madagascar",-16.9261,49.5871,Menabe,Madagascar,Madagascar,"Morondava, Madagascar",-20.2847,44.3175,23,1197
Soanierana Ivongo,Madagascar,Madagascar,"Soanierana Ivongo, Madagascar",-16.9261,49.5871,Sava,Madagascar,Madagascar,"Sambava, Madagascar",-14.2667,50.1667,35,1620
Soanierana Ivongo,Madagascar,Madagascar,"Soanierana Ivongo, Madagascar",-16.9261,49.5871,Sofia,Madagascar,Madagascar,"Antsohihy, Madagascar",-14.8762,47.9835,22,1048
Soanierana Ivongo,Madagascar,Madagascar,"Soanierana Ivongo, Madagascar",-16.9261,49.5871,Vakinankaratra,Madagascar,Madagascar,"Antsirabe, Madagascar",-19.8667,47.0333,14,667
Soanierana Ivongo,Madagascar,Madagascar,"Soanierana Ivongo, Madagascar",-16.9261,49.5871,Vatovavy,Madagascar,Madagascar,"Mananjary, Madagascar",-21.2367,48.3461,15,636
Soanierana Ivongo,Madagascar,Madagascar,"Soanierana Ivongo, Madagascar",-16.9261,49.5871,Vatovavy-Fitovinany,Madagascar,Madagascar,"Manakara, Madagascar",-22.15,48,17,767
Taolagnaro,Madagascar,Madagascar,"Taolagnaro, Madagascar",-25.0316,46.99,Alaotra-Mangoro,Madagascar,Madagascar,"Ambatondrazaka, Madagascar",-17.8237,48.4263,30,1252
Taolagnaro,Madagascar,Madagascar,"Taolagnaro, Madagascar",-25.0316,46.99,Amoron'i Mania,Madagascar,Madagascar,"Ambositra, Madagascar",-20.5167,47.25,19,735
Taolagnaro,Madagascar,Madagascar,"Taolagnaro, Madagascar",-25.0316,46.99,Analamanga,Madagascar,Madagascar,"Antananarivo, Madagascar",-18.9085,47.5375,24,990
Taolagnaro,Madagascar,Madagascar,"Taolagnaro, Madagascar",-25.0316,46.99,Analanjirofo,Madagascar,Madagascar,"Fenoarivo Atsinanana, Madagascar",-17.3843,49.4098,29,1138
Taolagnaro,Madagascar,Madagascar,"Taolagnaro, Madagascar",-25.0316,46.99,Anosy,Madagascar,Madagascar,"Taolagnaro, Madagascar",-25.0316,46.99,0,0
Taolagnaro,Madagascar,Madagascar,"Taolagnaro, Madagascar",-25.0316,46.99,Atsimo-Andrefana,Madagascar,Madagascar,"Toliara, Madagascar",-23.35,43.6667,15,622
Taolagnaro,Madagascar,Madagascar,"Taolagnaro, Madagascar",-25.0316,46.99,Atsimo-Atsinanana,Madagascar,Madagascar,"Farafangana, Madagascar",-22.8167,47.8167,11,315
Taolagnaro,Madagascar,Madagascar,"Taolagnaro, Madagascar",-25.0316,46.99,Atsinanana,Madagascar,Madagascar,"Toamasina, Madagascar",-18.1499,49.4023,27,1040
Taolagnaro,Madagascar,Madagascar,"Taolagnaro, Madagascar",-25.0316,46.99,Betsiboka,Madagascar,Madagascar,"Maevatanana, Madagascar",-16.9504,46.8281,30,1307
Taolagnaro,Madagascar,Madagascar,"Taolagnaro, Madagascar",-25.0316,46.99,Boeny,Madagascar,Madagascar,"Mahajanga, Madagascar",-15.7167,46.3167,34,1562
Taolagnaro,Madagascar,Madagascar,"Taolagnaro, Madagascar",-25.0316,46.99,Bongolava,Madagascar,Madagascar,"Tsiroanomandidy, Madagascar",-18.7698,46.05,25,1085
Taolagnaro,Madagascar,Madagascar,"Taolagnaro, Madagascar",-25.0316,46.99,Diana,Madagascar,Madagascar,"Antsiranana, Madagascar",-12.2667,49.2833,49,2110
Taolagnaro,Madagascar,Madagascar,"Taolagnaro, Madagascar",-25.0316,46.99,Haute Matsiatra,Madagascar,Madagascar,"Fianarantsoa, Madagascar",-21.447,47.0872,16,701
Taolagnaro,Madagascar,Madagascar,"Taolagnaro, Madagascar",-25.0316,46.99,Ihorombe,Madagascar,Madagascar,"Ihosy, Madagascar",-22.3961,46.1217,12,507
Taolagnaro,Madagascar,Madagascar,"Taolagnaro, Madagascar",-25.0316,46.99,Itasy,Madagascar,Madagascar,"Miarinarivo, Madagascar",-18.9608,46.9036,24,1010
Taolagnaro,Madagascar,Madagascar,"Taolagnaro, Madagascar",-25.0316,46.99,Melaky,Madagascar,Madagascar,"Maintirano, Madagascar",-18.0646,44.0295,30,1377
Taolagnaro,Madagascar,Madagascar,"Taolagnaro, Madagascar",-25.0316,46.99,Menabe,Madagascar,Madagascar,"Morondava, Madagascar",-20.2847,44.3175,23,1167
Taolagnaro,Madagascar,Madagascar,"Taolagnaro, Madagascar",-25.0316,46.99,Sava,Madagascar,Madagascar,"Sambava, Madagascar",-14.2667,50.1667,50,2276
Taolagnaro,Madagascar,Madagascar,"Taolagnaro, Madagascar",-25.0316,46.99,Sofia,Madagascar,Madagascar,"Antsohihy, Madagascar",-14.8762,47.9835,37,1686
Taolagnaro,Madagascar,Madagascar,"Taolagnaro, Madagascar",-25.0316,46.99,Vakinankaratra,Madagascar,Madagascar,"Antsirabe, Madagascar",-19.8667,47.0333,20,825
Taolagnaro,Madagascar,Madagascar,"Taolagnaro, Madagascar",-25.0316,46.99,Vatovavy,Madagascar,Madagascar,"Mananjary, Madagascar",-21.2367,48.3461,15,579
Taolagnaro,Madagascar,Madagascar,"Taolagnaro, Madagascar",-25.0316,46.99,Vatovavy-Fitovinany,Madagascar,Madagascar,"Manakara, Madagascar",-22.15,48,12,417
Toliara,Madagascar,Madagascar,"Toliara, Madagascar",-23.35,43.6667,Alaotra-Mangoro,Madagascar,Madagascar,"Ambatondrazaka, Madagascar",-17.8237,48.4263,22,1187
Toliara,Madagascar,Madagascar,"Toliara, Madagascar",-23.35,43.6667,Amoron'i Mania,Madagascar,Madagascar,"Ambositra, Madagascar",-20.5167,47.25,11,670
Toliara,Madagascar,Madagascar,"Toliara, Madagascar",-23.35,43.6667,Analamanga,Madagascar,Madagascar,"Antananarivo, Madagascar",-18.9085,47.5375,16,925
Toliara,Madagascar,Madagascar,"Toliara, Madagascar",-23.35,43.6667,Analanjirofo,Madagascar,Madagascar,"Fenoarivo Atsinanana, Madagascar",-17.3843,49.4098,26,1275
Toliara,Madagascar,Madagascar,"Toliara, Madagascar",-23.35,43.6667,Anosy,Madagascar,Madagascar,"Taolagnaro, Madagascar",-25.0316,46.99,15,623
Toliara,Madagascar,Madagascar,"Toliara, Madagascar",-23.35,43.6667,Atsimo-Andrefana,Madagascar,Madagascar,"Toliara, Madagascar",-23.35,43.6667,0,0
Toliara,Madagascar,Madagascar,"Toliara, Madagascar",-23.35,43.6667,Atsimo-Atsinanana,Madagascar,Madagascar,"Farafangana, Madagascar",-22.8167,47.8167,9,597
Toliara,Madagascar,Madagascar,"Toliara, Madagascar",-23.35,43.6667,Atsinanana,Madagascar,Madagascar,"Toamasina, Madagascar",-18.1499,49.4023,23,1177
Toliara,Madagascar,Madagascar,"Toliara, Madagascar",-23.35,43.6667,Betsiboka,Madagascar,Madagascar,"Maevatanana, Madagascar",-16.9504,46.8281,22,1242
Toliara,Madagascar,Madagascar,"Toliara, Madagascar",-23.35,43.6667,Boeny,Madagascar,Madagascar,"Mahajanga, Madagascar",-15.7167,46.3167,27,1497
Toliara,Madagascar,Madagascar,"Toliara, Madagascar",-23.35,43.6667,Bongolava,Madagascar,Madagascar,"Tsiroanomandidy, Madagascar",-18.7698,46.05,18,1020
Toliara,Madagascar,Madagascar,"Toliara, Madagascar",-23.35,43.6667,Diana,Madagascar,Madagascar,"Antsiranana, Madagascar",-12.2667,49.2833,41,2045
Toliara,Madagascar,Madagascar,"Toliara, Madagascar",-23.35,43.6667,Haute Matsiatra,Madagascar,Madagascar,"Fianarantsoa, Madagascar",-21.447,47.0872,8,519
Toliara,Madagascar,Madagascar,"Toliara, Madagascar",-23.35,43.6667,Ihorombe,Madagascar,Madagascar,"Ihosy, Madagascar",-22.3961,46.1217,4,325
Toliara,Madagascar,Madagascar,"Toliara, Madagascar",-23.35,43.6667,Itasy,Madagascar,Madagascar,"Miarinarivo, Madagascar",-18.9608,46.9036,17,945
Toliara,Madagascar,Madagascar,"Toliara, Madagascar",-23.35,43.6667,Melaky,Madagascar,Madagascar,"Maintirano, Madagascar",-18.0646,44.0295,22.5,1312
Toliara,Madagascar,Madagascar,"Toliara, Madagascar",-23.35,43.6667,Menabe,Madagascar,Madagascar,"Morondava, Madagascar",-20.2847,44.3175,15,985
Toliara,Madagascar,Madagascar,"Toliara, Madagascar",-23.35,43.6667,Sava,Madagascar,Madagascar,"Sambava, Madagascar",-14.2667,50.1667,43,2211
Toliara,Madagascar,Madagascar,"Toliara, Madagascar",-23.35,43.6667,Sofia,Madagascar,Madagascar,"Antsohihy, Madagascar",-14.8762,47.9835,29,1621
Toliara,Madagascar,Madagascar,"Toliara, Madagascar",-23.35,43.6667,Vakinankaratra,Madagascar,Madagascar,"Antsirabe, Madagascar",-19.8667,47.0333,13,760
Toliara,Madagascar,Madagascar,"Toliara, Madagascar",-23.35,43.6667,Vatovavy,Madagascar,Madagascar,"Mananjary, Madagascar",-21.2367,48.3461,11,716
Toliara,Madagascar,Madagascar,"Toliara, Madagascar",-23.35,43.6667,Vatovavy-Fitovinany,Madagascar,Madagascar,"Manakara, Madagascar",-22.15,48,11,698
Ampanihy,Madagascar,Madagascar,"Ampanihy, Madagascar",-24.69353,44.74662,Alaotra-Mangoro,Madagascar,Madagascar,"Ambatondrazaka, Madagascar",-17.8237,48.4263,27,1336
Ampanihy,Madagascar,Madagascar,"Ampanihy, Madagascar",-24.69353,44.74662,Amoron'i Mania,Madagascar,Madagascar,"Ambositra, Madagascar",-20.5167,47.25,15.6,815
Ampanihy,Madagascar,Madagascar,"Ampanihy, Madagascar",-24.69353,44.74662,Analamanga,Madagascar,Madagascar,"Antananarivo, Madagascar",-18.9085,47.5375,21.35,1078
Ampanihy,Madagascar,Madagascar,"Ampanihy, Madagascar",-24.69353,44.74662,Analanjirofo,Madagascar,Madagascar,"Fenoarivo Atsinanana, Madagascar",-17.3843,49.4098,30,1424
Ampanihy,Madagascar,Madagascar,"Ampanihy, Madagascar",-24.69353,44.74662,Anosy,Madagascar,Madagascar,"Taolagnaro, Madagascar",-25.0316,46.99,8.68,321
Ampanihy,Madagascar,Madagascar,"Ampanihy, Madagascar",-24.69353,44.74662,Atsimo-Andrefana,Madagascar,Madagascar,"Toliara, Madagascar",-23.35,43.6667,6.7,285
Ampanihy,Madagascar,Madagascar,"Ampanihy, Madagascar",-24.69353,44.74662,Atsimo-Atsinanana,Madagascar,Madagascar,"Farafangana, Madagascar",-22.8167,47.8167,13.8,746
Ampanihy,Madagascar,Madagascar,"Ampanihy, Madagascar",-24.69353,44.74662,Atsinanana,Madagascar,Madagascar,"Toamasina, Madagascar",-18.1499,49.4023,28,1325
Ampanihy,Madagascar,Madagascar,"Ampanihy, Madagascar",-24.69353,44.74662,Betsiboka,Madagascar,Madagascar,"Maevatanana, Madagascar",-16.9504,46.8281,27,1391
Ampanihy,Madagascar,Madagascar,"Ampanihy, Madagascar",-24.69353,44.74662,Boeny,Madagascar,Madagascar,"Mahajanga, Madagascar",-15.7167,46.3167,32,1644
Ampanihy,Madagascar,Madagascar,"Ampanihy, Madagascar",-24.69353,44.74662,Bongolava,Madagascar,Madagascar,"Tsiroanomandidy, Madagascar",-18.7698,46.05,22.5,1169
Ampanihy,Madagascar,Madagascar,"Ampanihy, Madagascar",-24.69353,44.74662,Diana,Madagascar,Madagascar,"Antsiranana, Madagascar",-12.2667,49.2833,46,2187
Ampanihy,Madagascar,Madagascar,"Ampanihy, Madagascar",-24.69353,44.74662,Haute Matsiatra,Madagascar,Madagascar,"Fianarantsoa, Madagascar",-21.447,47.0872,12.37,667
Ampanihy,Madagascar,Madagascar,"Ampanihy, Madagascar",-24.69353,44.74662,Ihorombe,Madagascar,Madagascar,"Ihosy, Madagascar",-22.3961,46.1217,9.4,475
Ampanihy,Madagascar,Madagascar,"Ampanihy, Madagascar",-24.69353,44.74662,Itasy,Madagascar,Madagascar,"Miarinarivo, Madagascar",-18.9608,46.9036,21.4,1093
Ampanihy,Madagascar,Madagascar,"Ampanihy, Madagascar",-24.69353,44.74662,Melaky,Madagascar,Madagascar,"Maintirano, Madagascar",-18.0646,44.0295,27,1453
Ampanihy,Madagascar,Madagascar,"Ampanihy, Madagascar",-24.69353,44.74662,Menabe,Madagascar,Madagascar,"Morondava, Madagascar",-20.2847,44.3175,20.1,1136
Ampanihy,Madagascar,Madagascar,"Ampanihy, Madagascar",-24.69353,44.74662,Sava,Madagascar,Madagascar,"Sambava, Madagascar",-14.2667,50.1667,48,2360
Ampanihy,Madagascar,Madagascar,"Ampanihy, Madagascar",-24.69353,44.74662,Sofia,Madagascar,Madagascar,"Antsohihy, Madagascar",-14.8762,47.9835,34,1768
Ampanihy,Madagascar,Madagascar,"Ampanihy, Madagascar",-24.69353,44.74662,Vakinankaratra,Madagascar,Madagascar,"Antsirabe, Madagascar",-19.8667,47.0333,17.68,908
Ampanihy,Madagascar,Madagascar,"Ampanihy, Madagascar",-24.69353,44.74662,Vatovavy,Madagascar,Madagascar,"Mananjary, Madagascar",-21.2367,48.3461,16.5,866
Ampanihy,Madagascar,Madagascar,"Ampanihy, Madagascar",-24.69353,44.74662,Vatovavy-Fitovinany,Madagascar,Madagascar,"Manakara, Madagascar",-22.15,48,15.5,848
Benenitra,Madagascar,Madagascar,"Benenitra, Madagascar",-23.4522,45.0781,Alaotra-Mangoro,Madagascar,Madagascar,"Ambatondrazaka, Madagascar",-17.8237,48.4263,22.83,1178
Benenitra,Madagascar,Madagascar,"Benenitra, Madagascar",-23.4522,45.0781,Amoron'i Mania,Madagascar,Madagascar,"Ambositra, Madagascar",-20.5167,47.25,11.53,656
Benenitra,Madagascar,Madagascar,"Benenitra, Madagascar",-23.4522,45.0781,Analamanga,Madagascar,Madagascar,"Antananarivo, Madagascar",-18.9085,47.5375,17.33,919
Benenitra,Madagascar,Madagascar,"Benenitra, Madagascar",-23.4522,45.0781,Analanjirofo,Madagascar,Madagascar,"Fenoarivo Atsinanana, Madagascar",-17.3843,49.4098,26,1264
Benenitra,Madagascar,Madagascar,"Benenitra, Madagascar",-23.4522,45.0781,Anosy,Madagascar,Madagascar,"Taolagnaro, Madagascar",-25.0316,46.99,12.96,531
Benenitra,Madagascar,Madagascar,"Benenitra, Madagascar",-23.4522,45.0781,Atsimo-Andrefana,Madagascar,Madagascar,"Toliara, Madagascar",-23.35,43.6667,2.68,126
Benenitra,Madagascar,Madagascar,"Benenitra, Madagascar",-23.4522,45.0781,Atsimo-Atsinanana,Madagascar,Madagascar,"Farafangana, Madagascar",-22.8167,47.8167,9.7,587
Benenitra,Madagascar,Madagascar,"Benenitra, Madagascar",-23.4522,45.0781,Atsinanana,Madagascar,Madagascar,"Toamasina, Madagascar",-18.1499,49.4023,23.71,1166
Benenitra,Madagascar,Madagascar,"Benenitra, Madagascar",-23.4522,45.0781,Betsiboka,Madagascar,Madagascar,"Maevatanana, Madagascar",-16.9504,46.8281,22.8,1232
Benenitra,Madagascar,Madagascar,"Benenitra, Madagascar",-23.4522,45.0781,Boeny,Madagascar,Madagascar,"Mahajanga, Madagascar",-15.7167,46.3167,28,1485
Benenitra,Madagascar,Madagascar,"Benenitra, Madagascar",-23.4522,45.0781,Bongolava,Madagascar,Madagascar,"Tsiroanomandidy, Madagascar",-18.7698,46.05,18.46,1010
Benenitra,Madagascar,Madagascar,"Benenitra, Madagascar",-23.4522,45.0781,Diana,Madagascar,Madagascar,"Antsiranana, Madagascar",-12.2667,49.2833,42,2028
Benenitra,Madagascar,Madagascar,"Benenitra, Madagascar",-23.4522,45.0781,Haute Matsiatra,Madagascar,Madagascar,"Fianarantsoa, Madagascar",-21.447,47.0872,8.3,508
Benenitra,Madagascar,Madagascar,"Benenitra, Madagascar",-23.4522,45.0781,Ihorombe,Madagascar,Madagascar,"Ihosy, Madagascar",-22.3961,46.1217,5.25,316
Benenitra,Madagascar,Madagascar,"Benenitra, Madagascar",-23.4522,45.0781,Itasy,Madagascar,Madagascar,"Miarinarivo, Madagascar",-18.9608,46.9036,17.38,934
Benenitra,Madagascar,Madagascar,"Benenitra, Madagascar",-23.4522,45.0781,Melaky,Madagascar,Madagascar,"Maintirano, Madagascar",-18.0646,44.0295,26,1361
Benenitra,Madagascar,Madagascar,"Benenitra, Madagascar",-23.4522,45.0781,Menabe,Madagascar,Madagascar,"Morondava, Madagascar",-20.2847,44.3175,16.01,977
Benenitra,Madagascar,Madagascar,"Benenitra, Madagascar",-23.4522,45.0781,Sava,Madagascar,Madagascar,"Sambava, Madagascar",-14.2667,50.1667,44,2201
Benenitra,Madagascar,Madagascar,"Benenitra, Madagascar",-23.4522,45.0781,Sofia,Madagascar,Madagascar,"Antsohihy, Madagascar",-14.8762,47.9835,30,1608
Benenitra,Madagascar,Madagascar,"Benenitra, Madagascar",-23.4522,45.0781,Vakinankaratra,Madagascar,Madagascar,"Antsirabe, Madagascar",-19.8667,47.0333,13.61,749
Benenitra,Madagascar,Madagascar,"Benenitra, Madagascar",-23.4522,45.0781,Vatovavy,Madagascar,Madagascar,"Mananjary, Madagascar",-21.2367,48.3461,12.35,707
Benenitra,Madagascar,Madagascar,"Benenitra, Madagascar",-23.4522,45.0781,Vatovavy-Fitovinany,Madagascar,Madagascar,"Manakara, Madagascar",-22.15,48,11.43,689
Midongy,Madagascar,Madagascar,"Midongy, Madagascar",-23.42605,47.05908,Alaotra-Mangoro,Madagascar,Madagascar,"Ambatondrazaka, Madagascar",-17.8237,48.4263,30.75,1064
Midongy,Madagascar,Madagascar,"Midongy, Madagascar",-23.42605,47.05908,Amoron'i Mania,Madagascar,Madagascar,"Ambositra, Madagascar",-20.5167,47.25,19.5,543
Midongy,Madagascar,Madagascar,"Midongy, Madagascar",-23.42605,47.05908,Analamanga,Madagascar,Madagascar,"Antananarivo, Madagascar",-18.9085,47.5375,25.18,806
Midongy,Madagascar,Madagascar,"Midongy, Madagascar",-23.42605,47.05908,Analanjirofo,Madagascar,Madagascar,"Fenoarivo Atsinanana, Madagascar",-17.3843,49.4098,30.17,949
Midongy,Madagascar,Madagascar,"Midongy, Madagascar",-23.42605,47.05908,Anosy,Madagascar,Madagascar,"Taolagnaro, Madagascar",-25.0316,46.99,19.45,292
Midongy,Madagascar,Madagascar,"Midongy, Madagascar",-23.42605,47.05908,Atsimo-Andrefana,Madagascar,Madagascar,"Toliara, Madagascar",-23.35,43.6667,20.75,681
Midongy,Madagascar,Madagascar,"Midongy, Madagascar",-23.42605,47.05908,Atsimo-Atsinanana,Madagascar,Madagascar,"Farafangana, Madagascar",-22.8167,47.8167,11.6,125.9
Midongy,Madagascar,Madagascar,"Midongy, Madagascar",-23.42605,47.05908,Atsinanana,Madagascar,Madagascar,"Toamasina, Madagascar",-18.1499,49.4023,27.55,850
Midongy,Madagascar,Madagascar,"Midongy, Madagascar",-23.42605,47.05908,Betsiboka,Madagascar,Madagascar,"Maevatanana, Madagascar",-16.9504,46.8281,30.69,1118
Midongy,Madagascar,Madagascar,"Midongy, Madagascar",-23.42605,47.05908,Boeny,Madagascar,Madagascar,"Mahajanga, Madagascar",-15.7167,46.3167,35,1372
Midongy,Madagascar,Madagascar,"Midongy, Madagascar",-23.42605,47.05908,Bongolava,Madagascar,Madagascar,"Tsiroanomandidy, Madagascar",-18.7698,46.05,26.32,896
Midongy,Madagascar,Madagascar,"Midongy, Madagascar",-23.42605,47.05908,Diana,Madagascar,Madagascar,"Antsiranana, Madagascar",-12.2667,49.2833,50,1914
Midongy,Madagascar,Madagascar,"Midongy, Madagascar",-23.42605,47.05908,Haute Matsiatra,Madagascar,Madagascar,"Fianarantsoa, Madagascar",-21.447,47.0872,18.02,471
Midongy,Madagascar,Madagascar,"Midongy, Madagascar",-23.42605,47.05908,Ihorombe,Madagascar,Madagascar,"Ihosy, Madagascar",-22.3961,46.1217,15.95,356
Midongy,Madagascar,Madagascar,"Midongy, Madagascar",-23.42605,47.05908,Itasy,Madagascar,Madagascar,"Miarinarivo, Madagascar",-18.9608,46.9036,25.25,821
Midongy,Madagascar,Madagascar,"Midongy, Madagascar",-23.42605,47.05908,Melaky,Madagascar,Madagascar,"Maintirano, Madagascar",-18.0646,44.0295,30.75,1258
Midongy,Madagascar,Madagascar,"Midongy, Madagascar",-23.42605,47.05908,Menabe,Madagascar,Madagascar,"Morondava, Madagascar",-20.2847,44.3175,24.92,937
Midongy,Madagascar,Madagascar,"Midongy, Madagascar",-23.42605,47.05908,Sava,Madagascar,Madagascar,"Sambava, Madagascar",-14.2667,50.1667,51,2088
Midongy,Madagascar,Madagascar,"Midongy, Madagascar",-23.42605,47.05908,Sofia,Madagascar,Madagascar,"Antsohihy, Madagascar",-14.8762,47.9835,38,1495
Midongy,Madagascar,Madagascar,"Midongy, Madagascar",-23.42605,47.05908,Vakinankaratra,Madagascar,Madagascar,"Antsirabe, Madagascar",-19.8667,47.0333,21.5,636
Midongy,Madagascar,Madagascar,"Midongy, Madagascar",-23.42605,47.05908,Vatovavy,Madagascar,Madagascar,"Mananjary, Madagascar",-21.2367,48.3461,16.17,392
Midongy,Madagascar,Madagascar,"Midongy, Madagascar",-23.42605,47.05908,Vatovavy-Fitovinany,Madagascar,Madagascar,"Manakara, Madagascar",-22.15,48,13.35,229
Farafangana,Madagascar,Madagascar,"Farafangana, Madagascar",-22.8167,47.8167,Alaotra-Mangoro,Madagascar,Madagascar,"Ambatondrazaka, Madagascar",-17.8237,48.4263,19,937
Farafangana,Madagascar,Madagascar,"Farafangana, Madagascar",-22.8167,47.8167,Amoron'i Mania,Madagascar,Madagascar,"Ambositra, Madagascar",-20.5167,47.25,7,420
Farafangana,Madagascar,Madagascar,"Farafangana, Madagascar",-22.8167,47.8167,Analamanga,Madagascar,Madagascar,"Antananarivo, Madagascar",-18.9085,47.5375,13,675
Farafangana,Madagascar,Madagascar,"Farafangana, Madagascar",-22.8167,47.8167,Analanjirofo,Madagascar,Madagascar,"Fenoarivo Atsinanana, Madagascar",-17.3843,49.4098,18,823
Farafangana,Madagascar,Madagascar,"Farafangana, Madagascar",-22.8167,47.8167,Anosy,Madagascar,Madagascar,"Taolagnaro, Madagascar",-25.0316,46.99,11,315
Farafangana,Madagascar,Madagascar,"Farafangana, Madagascar",-22.8167,47.8167,Atsimo-Andrefana,Madagascar,Madagascar,"Toliara, Madagascar",-23.35,43.6667,9,597
Farafangana,Madagascar,Madagascar,"Farafangana, Madagascar",-22.8167,47.8167,Atsimo-Atsinanana,Madagascar,Madagascar,"Farafangana, Madagascar",-22.8167,47.8167,0,0
Farafangana,Madagascar,Madagascar,"Farafangana, Madagascar",-22.8167,47.8167,Atsinanana,Madagascar,Madagascar,"Toamasina, Madagascar",-18.1499,49.4023,16,725
Farafangana,Madagascar,Madagascar,"Farafangana, Madagascar",-22.8167,47.8167,Betsiboka,Madagascar,Madagascar,"Maevatanana, Madagascar",-16.9504,46.8281,19,992
Farafangana,Madagascar,Madagascar,"Farafangana, Madagascar",-22.8167,47.8167,Boeny,Madagascar,Madagascar,"Mahajanga, Madagascar",-15.7167,46.3167,23,1247
Farafangana,Madagascar,Madagascar,"Farafangana, Madagascar",-22.8167,47.8167,Bongolava,Madagascar,Madagascar,"Tsiroanomandidy, Madagascar",-18.7698,46.05,14,770
Farafangana,Madagascar,Madagascar,"Farafangana, Madagascar",-22.8167,47.8167,Diana,Madagascar,Madagascar,"Antsiranana, Madagascar",-12.2667,49.2833,38,1795
Farafangana,Madagascar,Madagascar,"Farafangana, Madagascar",-22.8167,47.8167,Haute Matsiatra,Madagascar,Madagascar,"Fianarantsoa, Madagascar",-21.447,47.0872,6,344
Farafangana,Madagascar,Madagascar,"Farafangana, Madagascar",-22.8167,47.8167,Ihorombe,Madagascar,Madagascar,"Ihosy, Madagascar",-22.3961,46.1217,4,272
Farafangana,Madagascar,Madagascar,"Farafangana, Madagascar",-22.8167,47.8167,Itasy,Madagascar,Madagascar,"Miarinarivo, Madagascar",-18.9608,46.9036,13,695
Farafangana,Madagascar,Madagascar,"Farafangana, Madagascar",-22.8167,47.8167,Melaky,Madagascar,Madagascar,"Maintirano, Madagascar",-18.0646,44.0295,19.08,1055
Farafangana,Madagascar,Madagascar,"Farafangana, Madagascar",-22.8167,47.8167,Menabe,Madagascar,Madagascar,"Morondava, Madagascar",-20.2847,44.3175,13,808
Farafangana,Madagascar,Madagascar,"Farafangana, Madagascar",-22.8167,47.8167,Sava,Madagascar,Madagascar,"Sambava, Madagascar",-14.2667,50.1667,39,1961
Farafangana,Madagascar,Madagascar,"Farafangana, Madagascar",-22.8167,47.8167,Sofia,Madagascar,Madagascar,"Antsohihy, Madagascar",-14.8762,47.9835,26,1371
Farafangana,Madagascar,Madagascar,"Farafangana, Madagascar",-22.8167,47.8167,Vakinankaratra,Madagascar,Madagascar,"Antsirabe, Madagascar",-19.8667,47.0333,9,510
Farafangana,Madagascar,Madagascar,"Farafangana, Madagascar",-22.8167,47.8167,Vatovavy,Madagascar,Madagascar,"Mananjary, Madagascar",-21.2367,48.3461,4,264
Farafangana,Madagascar,Madagascar,"Farafangana, Madagascar",-22.8167,47.8167,Vatovavy-Fitovinany,Madagascar,Madagascar,"Manakara, Madagascar",-22.15,48,1,101
Vangaindrano,Madagascar,Madagascar,"Vangaindrano, Madagascar",-23.3505,47.6088,Alaotra-Mangoro,Madagascar,Madagascar,"Ambatondrazaka, Madagascar",-17.8237,48.4263,20,1011
Vangaindrano,Madagascar,Madagascar,"Vangaindrano, Madagascar",-23.3505,47.6088,Amoron'i Mania,Madagascar,Madagascar,"Ambositra, Madagascar",-20.5167,47.25,9,494
Vangaindrano,Madagascar,Madagascar,"Vangaindrano, Madagascar",-23.3505,47.6088,Analamanga,Madagascar,Madagascar,"Antananarivo, Madagascar",-18.9085,47.5375,14,749
Vangaindrano,Madagascar,Madagascar,"Vangaindrano, Madagascar",-23.3505,47.6088,Analanjirofo,Madagascar,Madagascar,"Fenoarivo Atsinanana, Madagascar",-17.3843,49.4098,20,897
Vangaindrano,Madagascar,Madagascar,"Vangaindrano, Madagascar",-23.3505,47.6088,Anosy,Madagascar,Madagascar,"Taolagnaro, Madagascar",-25.0316,46.99,9,241
Vangaindrano,Madagascar,Madagascar,"Vangaindrano, Madagascar",-23.3505,47.6088,Atsimo-Andrefana,Madagascar,Madagascar,"Toliara, Madagascar",-23.35,43.6667,10,630
Vangaindrano,Madagascar,Madagascar,"Vangaindrano, Madagascar",-23.3505,47.6088,Atsimo-Atsinanana,Madagascar,Madagascar,"Farafangana, Madagascar",-22.8167,47.8167,1,74
Vangaindrano,Madagascar,Madagascar,"Vangaindrano, Madagascar",-23.3505,47.6088,Atsinanana,Madagascar,Madagascar,"Toamasina, Madagascar",-18.1499,49.4023,17,799
Vangaindrano,Madagascar,Madagascar,"Vangaindrano, Madagascar",-23.3505,47.6088,Betsiboka,Madagascar,Madagascar,"Maevatanana, Madagascar",-16.9504,46.8281,20,1066
Vangaindrano,Madagascar,Madagascar,"Vangaindrano, Madagascar",-23.3505,47.6088,Boeny,Madagascar,Madagascar,"Mahajanga, Madagascar",-15.7167,46.3167,25,1321
Vangaindrano,Madagascar,Madagascar,"Vangaindrano, Madagascar",-23.3505,47.6088,Bongolava,Madagascar,Madagascar,"Tsiroanomandidy, Madagascar",-18.7698,46.05,16,844
Vangaindrano,Madagascar,Madagascar,"Vangaindrano, Madagascar",-23.3505,47.6088,Diana,Madagascar,Madagascar,"Antsiranana, Madagascar",-12.2667,49.2833,39,1869
Vangaindrano,Madagascar,Madagascar,"Vangaindrano, Madagascar",-23.3505,47.6088,Haute Matsiatra,Madagascar,Madagascar,"Fianarantsoa, Madagascar",-21.447,47.0872,7,418
Vangaindrano,Madagascar,Madagascar,"Vangaindrano, Madagascar",-23.3505,47.6088,Ihorombe,Madagascar,Madagascar,"Ihosy, Madagascar",-22.3961,46.1217,5,306
Vangaindrano,Madagascar,Madagascar,"Vangaindrano, Madagascar",-23.3505,47.6088,Itasy,Madagascar,Madagascar,"Miarinarivo, Madagascar",-18.9608,46.9036,15,769
Vangaindrano,Madagascar,Madagascar,"Vangaindrano, Madagascar",-23.3505,47.6088,Melaky,Madagascar,Madagascar,"Maintirano, Madagascar",-18.0646,44.0295,20.67,1130
Vangaindrano,Madagascar,Madagascar,"Vangaindrano, Madagascar",-23.3505,47.6088,Menabe,Madagascar,Madagascar,"Morondava, Madagascar",-20.2847,44.3175,14,883
Vangaindrano,Madagascar,Madagascar,"Vangaindrano, Madagascar",-23.3505,47.6088,Sava,Madagascar,Madagascar,"Sambava, Madagascar",-14.2667,50.1667,41,2035
Vangaindrano,Madagascar,Madagascar,"Vangaindrano, Madagascar",-23.3505,47.6088,Sofia,Madagascar,Madagascar,"Antsohihy, Madagascar",-14.8762,47.9835,27,1445
Vangaindrano,Madagascar,Madagascar,"Vangaindrano, Madagascar",-23.3505,47.6088,Vakinankaratra,Madagascar,Madagascar,"Antsirabe, Madagascar",-19.8667,47.0333,11,584
Vangaindrano,Madagascar,Madagascar,"Vangaindrano, Madagascar",-23.3505,47.6088,Vatovavy,Madagascar,Madagascar,"Mananjary, Madagascar",-21.2367,48.3461,6,338
Vangaindrano,Madagascar,Madagascar,"Vangaindrano, Madagascar",-23.3505,47.6088,Vatovavy-Fitovinany,Madagascar,Madagascar,"Manakara, Madagascar",-22.15,48,3,175
Toamasina I,Madagascar,Madagascar,"Toamasina I, Madagascar",-18.1499,49.4023,Alaotra-Mangoro,Madagascar,Madagascar,"Ambatondrazaka, Madagascar",-17.8237,48.4263,8,398
Toamasina I,Madagascar,Madagascar,"Toamasina I, Madagascar",-18.1499,49.4023,Amoron'i Mania,Madagascar,Madagascar,"Ambositra, Madagascar",-20.5167,47.25,12,598
Toamasina I,Madagascar,Madagascar,"Toamasina I, Madagascar",-18.1499,49.4023,Analamanga,Madagascar,Madagascar,"Antananarivo, Madagascar",-18.9085,47.5375,7,349
Toamasina I,Madagascar,Madagascar,"Toamasina I, Madagascar",-18.1499,49.4023,Analanjirofo,Madagascar,Madagascar,"Fenoarivo Atsinanana, Madagascar",-17.3843,49.4098,2,102
Toamasina I,Madagascar,Madagascar,"Toamasina I, Madagascar",-18.1499,49.4023,Anosy,Madagascar,Madagascar,"Taolagnaro, Madagascar",-25.0316,46.99,26,1023
Toamasina I,Madagascar,Madagascar,"Toamasina I, Madagascar",-18.1499,49.4023,Atsimo-Andrefana,Madagascar,Madagascar,"Toliara, Madagascar",-23.35,43.6667,23,1159
Toamasina I,Madagascar,Madagascar,"Toamasina I, Madagascar",-18.1499,49.4023,Atsimo-Atsinanana,Madagascar,Madagascar,"Farafangana, Madagascar",-22.8167,47.8167,15,707
Toamasina I,Madagascar,Madagascar,"Toamasina I, Madagascar",-18.1499,49.4023,Atsinanana,Madagascar,Madagascar,"Toamasina, Madagascar",-18.1499,49.4023,0,0
Toamasina I,Madagascar,Madagascar,"Toamasina I, Madagascar",-18.1499,49.4023,Betsiboka,Madagascar,Madagascar,"Maevatanana, Madagascar",-16.9504,46.8281,13,669
Toamasina I,Madagascar,Madagascar,"Toamasina I, Madagascar",-18.1499,49.4023,Boeny,Madagascar,Madagascar,"Mahajanga, Madagascar",-15.7167,46.3167,18,924
Toamasina I,Madagascar,Madagascar,"Toamasina I, Madagascar",-18.1499,49.4023,Bongolava,Madagascar,Madagascar,"Tsiroanomandidy, Madagascar",-18.7698,46.05,11,560
Toamasina I,Madagascar,Madagascar,"Toamasina I, Madagascar",-18.1499,49.4023,Diana,Madagascar,Madagascar,"Antsiranana, Madagascar",-12.2667,49.2833,30,1294
Toamasina I,Madagascar,Madagascar,"Toamasina I, Madagascar",-18.1499,49.4023,Haute Matsiatra,Madagascar,Madagascar,"Fianarantsoa, Madagascar",-21.447,47.0872,15,641
Toamasina I,Madagascar,Madagascar,"Toamasina I, Madagascar",-18.1499,49.4023,Ihorombe,Madagascar,Madagascar,"Ihosy, Madagascar",-22.3961,46.1217,18,835
Toamasina I,Madagascar,Madagascar,"Toamasina I, Madagascar",-18.1499,49.4023,Itasy,Madagascar,Madagascar,"Miarinarivo, Madagascar",-18.9608,46.9036,9,439
Toamasina I,Madagascar,Madagascar,"Toamasina I, Madagascar",-18.1499,49.4023,Melaky,Madagascar,Madagascar,"Maintirano, Madagascar",-18.0646,44.0295,15.75,844
Toamasina I,Madagascar,Madagascar,"Toamasina I, Madagascar",-18.1499,49.4023,Menabe,Madagascar,Madagascar,"Morondava, Madagascar",-20.2847,44.3175,19,1036
Toamasina I,Madagascar,Madagascar,"Toamasina I, Madagascar",-18.1499,49.4023,Sava,Madagascar,Madagascar,"Sambava, Madagascar",-14.2667,50.1667,31,1460
Toamasina I,Madagascar,Madagascar,"Toamasina I, Madagascar",-18.1499,49.4023,Sofia,Madagascar,Madagascar,"Antsohihy, Madagascar",-14.8762,47.9835,18,888
Toamasina I,Madagascar,Madagascar,"Toamasina I, Madagascar",-18.1499,49.4023,Vakinankaratra,Madagascar,Madagascar,"Antsirabe, Madagascar",-19.8667,47.0333,10,507
Toamasina I,Madagascar,Madagascar,"Toamasina I, Madagascar",-18.1499,49.4023,Vatovavy,Madagascar,Madagascar,"Mananjary, Madagascar",-21.2367,48.3461,11,476
Toamasina I,Madagascar,Madagascar,"Toamasina I, Madagascar",-18.1499,49.4023,Vatovavy-Fitovinany,Madagascar,Madagascar,"Manakara, Madagascar",-22.15,48,14,606
Maevatanana,Madagascar,Madagascar,"Maevatanana, Madagascar",-16.9504,46.8281,Alaotra-Mangoro,Madagascar,Madagascar,"Ambatondrazaka, Madagascar",-17.8237,48.4263,11,588
Maevatanana,Madagascar,Madagascar,"Maevatanana, Madagascar",-16.9504,46.8281,Amoron'i Mania,Madagascar,Madagascar,"Ambositra, Madagascar",-20.5167,47.25,11,572
Maevatanana,Madagascar,Madagascar,"Maevatanana, Madagascar",-16.9504,46.8281,Analamanga,Madagascar,Madagascar,"Antananarivo, Madagascar",-18.9085,47.5375,5,319
Maevatanana,Madagascar,Madagascar,"Maevatanana, Madagascar",-16.9504,46.8281,Analanjirofo,Madagascar,Madagascar,"Fenoarivo Atsinanana, Madagascar",-17.3843,49.4098,16,766
Maevatanana,Madagascar,Madagascar,"Maevatanana, Madagascar",-16.9504,46.8281,Anosy,Madagascar,Madagascar,"Taolagnaro, Madagascar",-25.0316,46.99,30,1308
Maevatanana,Madagascar,Madagascar,"Maevatanana, Madagascar",-16.9504,46.8281,Atsimo-Andrefana,Madagascar,Madagascar,"Toliara, Madagascar",-23.35,43.6667,22,1242
Maevatanana,Madagascar,Madagascar,"Maevatanana, Madagascar",-16.9504,46.8281,Atsimo-Atsinanana,Madagascar,Madagascar,"Farafangana, Madagascar",-22.8167,47.8167,19,992
Maevatanana,Madagascar,Madagascar,"Maevatanana, Madagascar",-16.9504,46.8281,Atsinanana,Madagascar,Madagascar,"Toamasina, Madagascar",-18.1499,49.4023,13,668
Maevatanana,Madagascar,Madagascar,"Maevatanana, Madagascar",-16.9504,46.8281,Betsiboka,Madagascar,Madagascar,"Maevatanana, Madagascar",-16.9504,46.8281,0,0
Maevatanana,Madagascar,Madagascar,"Maevatanana, Madagascar",-16.9504,46.8281,Boeny,Madagascar,Madagascar,"Mahajanga, Madagascar",-15.7167,46.3167,4,254
Maevatanana,Madagascar,Madagascar,"Maevatanana, Madagascar",-16.9504,46.8281,Bongolava,Madagascar,Madagascar,"Tsiroanomandidy, Madagascar",-18.7698,46.05,9,522
Maevatanana,Madagascar,Madagascar,"Maevatanana, Madagascar",-16.9504,46.8281,Diana,Madagascar,Madagascar,"Antsiranana, Madagascar",-12.2667,49.2833,19,802
Maevatanana,Madagascar,Madagascar,"Maevatanana, Madagascar",-16.9504,46.8281,Haute Matsiatra,Madagascar,Madagascar,"Fianarantsoa, Madagascar",-21.447,47.0872,14,724
Maevatanana,Madagascar,Madagascar,"Maevatanana, Madagascar",-16.9504,46.8281,Ihorombe,Madagascar,Madagascar,"Ihosy, Madagascar",-22.3961,46.1217,17,917
Maevatanana,Madagascar,Madagascar,"Maevatanana, Madagascar",-16.9504,46.8281,Itasy,Madagascar,Madagascar,"Miarinarivo, Madagascar",-18.9608,46.9036,7,401
Maevatanana,Madagascar,Madagascar,"Maevatanana, Madagascar",-16.9504,46.8281,Melaky,Madagascar,Madagascar,"Maintirano, Madagascar",-18.0646,44.0295,13.57,807
Maevatanana,Madagascar,Madagascar,"Maevatanana, Madagascar",-16.9504,46.8281,Menabe,Madagascar,Madagascar,"Morondava, Madagascar",-20.2847,44.3175,17,1011
Maevatanana,Madagascar,Madagascar,"Maevatanana, Madagascar",-16.9504,46.8281,Sava,Madagascar,Madagascar,"Sambava, Madagascar",-14.2667,50.1667,20,968
Maevatanana,Madagascar,Madagascar,"Maevatanana, Madagascar",-16.9504,46.8281,Sofia,Madagascar,Madagascar,"Antsohihy, Madagascar",-14.8762,47.9835,7,378
Maevatanana,Madagascar,Madagascar,"Maevatanana, Madagascar",-16.9504,46.8281,Vakinankaratra,Madagascar,Madagascar,"Antsirabe, Madagascar",-19.8667,47.0333,9,482
Maevatanana,Madagascar,Madagascar,"Maevatanana, Madagascar",-16.9504,46.8281,Vatovavy,Madagascar,Madagascar,"Mananjary, Madagascar",-21.2367,48.3461,16,846
Maevatanana,Madagascar,Madagascar,"Maevatanana, Madagascar",-16.9504,46.8281,Vatovavy-Fitovinany,Madagascar,Madagascar,"Manakara, Madagascar",-22.15,48,17,891
Mahajanga I,Madagascar,Madagascar,"Mahajanga I, Madagascar",-15.7167,46.3167,Alaotra-Mangoro,Madagascar,Madagascar,"Ambatondrazaka, Madagascar",-17.8237,48.4263,16,843
Mahajanga I,Madagascar,Madagascar,"Mahajanga I, Madagascar",-15.7167,46.3167,Amoron'i Mania,Madagascar,Madagascar,"Ambositra, Madagascar",-20.5167,47.25,15,827
Mahajanga I,Madagascar,Madagascar,"Mahajanga I, Madagascar",-15.7167,46.3167,Analamanga,Madagascar,Madagascar,"Antananarivo, Madagascar",-18.9085,47.5375,10,574
Mahajanga I,Madagascar,Madagascar,"Mahajanga I, Madagascar",-15.7167,46.3167,Analanjirofo,Madagascar,Madagascar,"Fenoarivo Atsinanana, Madagascar",-17.3843,49.4098,20,1021
Mahajanga I,Madagascar,Madagascar,"Mahajanga I, Madagascar",-15.7167,46.3167,Anosy,Madagascar,Madagascar,"Taolagnaro, Madagascar",-25.0316,46.99,34,1563
Mahajanga I,Madagascar,Madagascar,"Mahajanga I, Madagascar",-15.7167,46.3167,Atsimo-Andrefana,Madagascar,Madagascar,"Toliara, Madagascar",-23.35,43.6667,27,1497
Mahajanga I,Madagascar,Madagascar,"Mahajanga I, Madagascar",-15.7167,46.3167,Atsimo-Atsinanana,Madagascar,Madagascar,"Farafangana, Madagascar",-22.8167,47.8167,23,1248
Mahajanga I,Madagascar,Madagascar,"Mahajanga I, Madagascar",-15.7167,46.3167,Atsinanana,Madagascar,Madagascar,"Toamasina, Madagascar",-18.1499,49.4023,18,923
Mahajanga I,Madagascar,Madagascar,"Mahajanga I, Madagascar",-15.7167,46.3167,Betsiboka,Madagascar,Madagascar,"Maevatanana, Madagascar",-16.9504,46.8281,4,255
Mahajanga I,Madagascar,Madagascar,"Mahajanga I, Madagascar",-15.7167,46.3167,Boeny,Madagascar,Madagascar,"Mahajanga, Madagascar",-15.7167,46.3167,0,0
Mahajanga I,Madagascar,Madagascar,"Mahajanga I, Madagascar",-15.7167,46.3167,Bongolava,Madagascar,Madagascar,"Tsiroanomandidy, Madagascar",-18.7698,46.05,13,777
Mahajanga I,Madagascar,Madagascar,"Mahajanga I, Madagascar",-15.7167,46.3167,Diana,Madagascar,Madagascar,"Antsiranana, Madagascar",-12.2667,49.2833,19,811
Mahajanga I,Madagascar,Madagascar,"Mahajanga I, Madagascar",-15.7167,46.3167,Haute Matsiatra,Madagascar,Madagascar,"Fianarantsoa, Madagascar",-21.447,47.0872,19,979
Mahajanga I,Madagascar,Madagascar,"Mahajanga I, Madagascar",-15.7167,46.3167,Ihorombe,Madagascar,Madagascar,"Ihosy, Madagascar",-22.3961,46.1217,22,1173
Mahajanga I,Madagascar,Madagascar,"Mahajanga I, Madagascar",-15.7167,46.3167,Itasy,Madagascar,Madagascar,"Miarinarivo, Madagascar",-18.9608,46.9036,12,656
Mahajanga I,Madagascar,Madagascar,"Mahajanga I, Madagascar",-15.7167,46.3167,Melaky,Madagascar,Madagascar,"Maintirano, Madagascar",-18.0646,44.0295,18.28,1060
Mahajanga I,Madagascar,Madagascar,"Mahajanga I, Madagascar",-15.7167,46.3167,Menabe,Madagascar,Madagascar,"Morondava, Madagascar",-20.2847,44.3175,22,1266
Mahajanga I,Madagascar,Madagascar,"Mahajanga I, Madagascar",-15.7167,46.3167,Sava,Madagascar,Madagascar,"Sambava, Madagascar",-14.2667,50.1667,21,977
Mahajanga I,Madagascar,Madagascar,"Mahajanga I, Madagascar",-15.7167,46.3167,Sofia,Madagascar,Madagascar,"Antsohihy, Madagascar",-14.8762,47.9835,7,387
Mahajanga I,Madagascar,Madagascar,"Mahajanga I, Madagascar",-15.7167,46.3167,Vakinankaratra,Madagascar,Madagascar,"Antsirabe, Madagascar",-19.8667,47.0333,13,737
Mahajanga I,Madagascar,Madagascar,"Mahajanga I, Madagascar",-15.7167,46.3167,Vatovavy,Madagascar,Madagascar,"Mananjary, Madagascar",-21.2367,48.3461,21,1101
Mahajanga I,Madagascar,Madagascar,"Mahajanga I, Madagascar",-15.7167,46.3167,Vatovavy-Fitovinany,Madagascar,Madagascar,"Manakara, Madagascar",-22.15,48,22,1146
Ambanja,Madagascar,Madagascar,"Ambanja, Madagascar",-13.6804,48.4555,Alaotra-Mangoro,Madagascar,Madagascar,"Ambatondrazaka, Madagascar",-17.8237,48.4263,14,650
Ambanja,Madagascar,Madagascar,"Ambanja, Madagascar",-13.6804,48.4555,Amoron'i Mania,Madagascar,Madagascar,"Ambositra, Madagascar",-20.5167,47.25,22,1136
Ambanja,Madagascar,Madagascar,"Ambanja, Madagascar",-13.6804,48.4555,Analamanga,Madagascar,Madagascar,"Antananarivo, Madagascar",-18.9085,47.5375,17,883
Ambanja,Madagascar,Madagascar,"Ambanja, Madagascar",-13.6804,48.4555,Analanjirofo,Madagascar,Madagascar,"Fenoarivo Atsinanana, Madagascar",-17.3843,49.4098,25,1153
Ambanja,Madagascar,Madagascar,"Ambanja, Madagascar",-13.6804,48.4555,Anosy,Madagascar,Madagascar,"Taolagnaro, Madagascar",-25.0316,46.99,41,1872
Ambanja,Madagascar,Madagascar,"Ambanja, Madagascar",-13.6804,48.4555,Atsimo-Andrefana,Madagascar,Madagascar,"Toliara, Madagascar",-23.35,43.6667,34,1806
Ambanja,Madagascar,Madagascar,"Ambanja, Madagascar",-13.6804,48.4555,Atsimo-Atsinanana,Madagascar,Madagascar,"Farafangana, Madagascar",-22.8167,47.8167,30,1556
Ambanja,Madagascar,Madagascar,"Ambanja, Madagascar",-13.6804,48.4555,Atsinanana,Madagascar,Madagascar,"Toamasina, Madagascar",-18.1499,49.4023,22,1055
Ambanja,Madagascar,Madagascar,"Ambanja, Madagascar",-13.6804,48.4555,Betsiboka,Madagascar,Madagascar,"Maevatanana, Madagascar",-16.9504,46.8281,11,563
Ambanja,Madagascar,Madagascar,"Ambanja, Madagascar",-13.6804,48.4555,Boeny,Madagascar,Madagascar,"Mahajanga, Madagascar",-15.7167,46.3167,12,572
Ambanja,Madagascar,Madagascar,"Ambanja, Madagascar",-13.6804,48.4555,Bongolava,Madagascar,Madagascar,"Tsiroanomandidy, Madagascar",-18.7698,46.05,20,1086
Ambanja,Madagascar,Madagascar,"Ambanja, Madagascar",-13.6804,48.4555,Diana,Madagascar,Madagascar,"Antsiranana, Madagascar",-12.2667,49.2833,7,239
Ambanja,Madagascar,Madagascar,"Ambanja, Madagascar",-13.6804,48.4555,Haute Matsiatra,Madagascar,Madagascar,"Fianarantsoa, Madagascar",-21.447,47.0872,26,1288
Ambanja,Madagascar,Madagascar,"Ambanja, Madagascar",-13.6804,48.4555,Ihorombe,Madagascar,Madagascar,"Ihosy, Madagascar",-22.3961,46.1217,29,1481
Ambanja,Madagascar,Madagascar,"Ambanja, Madagascar",-13.6804,48.4555,Itasy,Madagascar,Madagascar,"Miarinarivo, Madagascar",-18.9608,46.9036,19,965
Ambanja,Madagascar,Madagascar,"Ambanja, Madagascar",-13.6804,48.4555,Melaky,Madagascar,Madagascar,"Maintirano, Madagascar",-18.0646,44.0295,25,1372
Ambanja,Madagascar,Madagascar,"Ambanja, Madagascar",-13.6804,48.4555,Menabe,Madagascar,Madagascar,"Morondava, Madagascar",-20.2847,44.3175,29,1575
Ambanja,Madagascar,Madagascar,"Ambanja, Madagascar",-13.6804,48.4555,Sava,Madagascar,Madagascar,"Sambava, Madagascar",-14.2667,50.1667,9,405
Ambanja,Madagascar,Madagascar,"Ambanja, Madagascar",-13.6804,48.4555,Sofia,Madagascar,Madagascar,"Antsohihy, Madagascar",-14.8762,47.9835,4,188
Ambanja,Madagascar,Madagascar,"Ambanja, Madagascar",-13.6804,48.4555,Vakinankaratra,Madagascar,Madagascar,"Antsirabe, Madagascar",-19.8667,47.0333,20,1045
Ambanja,Madagascar,Madagascar,"Ambanja, Madagascar",-13.6804,48.4555,Vatovavy,Madagascar,Madagascar,"Mananjary, Madagascar",-21.2367,48.3461,28,1410
Ambanja,Madagascar,Madagascar,"Ambanja, Madagascar",-13.6804,48.4555,Vatovavy-Fitovinany,Madagascar,Madagascar,"Manakara, Madagascar",-22.15,48,29,1455
Miarinarivo,Madagascar,Madagascar,"Miarinarivo, Madagascar",-18.9608,46.9036,Alaotra-Mangoro,Madagascar,Madagascar,"Ambatondrazaka, Madagascar",-17.8237,48.4263,7,358
Miarinarivo,Madagascar,Madagascar,"Miarinarivo, Madagascar",-18.9608,46.9036,Amoron'i Mania,Madagascar,Madagascar,"Ambositra, Madagascar",-20.5167,47.25,5,275
Miarinarivo,Madagascar,Madagascar,"Miarinarivo, Madagascar",-18.9608,46.9036,Analamanga,Madagascar,Madagascar,"Antananarivo, Madagascar",-18.9085,47.5375,1,90
Miarinarivo,Madagascar,Madagascar,"Miarinarivo, Madagascar",-18.9608,46.9036,Analanjirofo,Madagascar,Madagascar,"Fenoarivo Atsinanana, Madagascar",-17.3843,49.4098,12,536
Miarinarivo,Madagascar,Madagascar,"Miarinarivo, Madagascar",-18.9608,46.9036,Anosy,Madagascar,Madagascar,"Taolagnaro, Madagascar",-25.0316,46.99,24,1010
Miarinarivo,Madagascar,Madagascar,"Miarinarivo, Madagascar",-18.9608,46.9036,Atsimo-Andrefana,Madagascar,Madagascar,"Toliara, Madagascar",-23.35,43.6667,17,944
Miarinarivo,Madagascar,Madagascar,"Miarinarivo, Madagascar",-18.9608,46.9036,Atsimo-Atsinanana,Madagascar,Madagascar,"Farafangana, Madagascar",-22.8167,47.8167,13,695
Miarinarivo,Madagascar,Madagascar,"Miarinarivo, Madagascar",-18.9608,46.9036,Atsinanana,Madagascar,Madagascar,"Toamasina, Madagascar",-18.1499,49.4023,9,439
Miarinarivo,Madagascar,Madagascar,"Miarinarivo, Madagascar",-18.9608,46.9036,Betsiboka,Madagascar,Madagascar,"Maevatanana, Madagascar",-16.9504,46.8281,7,401
Miarinarivo,Madagascar,Madagascar,"Miarinarivo, Madagascar",-18.9608,46.9036,Boeny,Madagascar,Madagascar,"Mahajanga, Madagascar",-15.7167,46.3167,12,656
Miarinarivo,Madagascar,Madagascar,"Miarinarivo, Madagascar",-18.9608,46.9036,Bongolava,Madagascar,Madagascar,"Tsiroanomandidy, Madagascar",-18.7698,46.05,1,123
Miarinarivo,Madagascar,Madagascar,"Miarinarivo, Madagascar",-18.9608,46.9036,Diana,Madagascar,Madagascar,"Antsiranana, Madagascar",-12.2667,49.2833,26,1204
Miarinarivo,Madagascar,Madagascar,"Miarinarivo, Madagascar",-18.9608,46.9036,Haute Matsiatra,Madagascar,Madagascar,"Fianarantsoa, Madagascar",-21.447,47.0872,9,427
Miarinarivo,Madagascar,Madagascar,"Miarinarivo, Madagascar",-18.9608,46.9036,Ihorombe,Madagascar,Madagascar,"Ihosy, Madagascar",-22.3961,46.1217,12,620
Miarinarivo,Madagascar,Madagascar,"Miarinarivo, Madagascar",-18.9608,46.9036,Itasy,Madagascar,Madagascar,"Miarinarivo, Madagascar",-18.9608,46.9036,0,0
Miarinarivo,Madagascar,Madagascar,"Miarinarivo, Madagascar",-18.9608,46.9036,Melaky,Madagascar,Madagascar,"Maintirano, Madagascar",-18.0646,44.0295,6.3,407
Miarinarivo,Madagascar,Madagascar,"Miarinarivo, Madagascar",-18.9608,46.9036,Menabe,Madagascar,Madagascar,"Morondava, Madagascar",-20.2847,44.3175,12,714
Miarinarivo,Madagascar,Madagascar,"Miarinarivo, Madagascar",-18.9608,46.9036,Sava,Madagascar,Madagascar,"Sambava, Madagascar",-14.2667,50.1667,28,1370
Miarinarivo,Madagascar,Madagascar,"Miarinarivo, Madagascar",-18.9608,46.9036,Sofia,Madagascar,Madagascar,"Antsohihy, Madagascar",-14.8762,47.9835,14,780
Miarinarivo,Madagascar,Madagascar,"Miarinarivo, Madagascar",-18.9608,46.9036,Vakinankaratra,Madagascar,Madagascar,"Antsirabe, Madagascar",-19.8667,47.0333,3,184
Miarinarivo,Madagascar,Madagascar,"Miarinarivo, Madagascar",-18.9608,46.9036,Vatovavy,Madagascar,Madagascar,"Mananjary, Madagascar",-21.2367,48.3461,11,548
Miarinarivo,Madagascar,Madagascar,"Miarinarivo, Madagascar",-18.9608,46.9036,Vatovavy-Fitovinany,Madagascar,Madagascar,"Manakara, Madagascar",-22.15,48,12,594
Maintirano,Madagascar,Madagascar,"Maintirano, Madagascar",-18.0646,44.0295,Alaotra-Mangoro,Madagascar,Madagascar,"Ambatondrazaka, Madagascar",-17.8237,48.4263,14.25,772
Maintirano,Madagascar,Madagascar,"Maintirano, Madagascar",-18.0646,44.0295,Amoron'i Mania,Madagascar,Madagascar,"Ambositra, Madagascar",-20.5167,47.25,11.2,644
Maintirano,Madagascar,Madagascar,"Maintirano, Madagascar",-18.0646,44.0295,Analamanga,Madagascar,Madagascar,"Antananarivo, Madagascar",-18.9085,47.5375,8.3,506
Maintirano,Madagascar,Madagascar,"Maintirano, Madagascar",-18.0646,44.0295,Analanjirofo,Madagascar,Madagascar,"Fenoarivo Atsinanana, Madagascar",-17.3843,49.4098,18.2,949
Maintirano,Madagascar,Madagascar,"Maintirano, Madagascar",-18.0646,44.0295,Anosy,Madagascar,Madagascar,"Taolagnaro, Madagascar",-25.0316,46.99,30,1376
Maintirano,Madagascar,Madagascar,"Maintirano, Madagascar",-18.0646,44.0295,Atsimo-Andrefana,Madagascar,Madagascar,"Toliara, Madagascar",-23.35,43.6667,22.5,1310
Maintirano,Madagascar,Madagascar,"Maintirano, Madagascar",-18.0646,44.0295,Atsimo-Atsinanana,Madagascar,Madagascar,"Farafangana, Madagascar",-22.8167,47.8167,19.25,1062
Maintirano,Madagascar,Madagascar,"Maintirano, Madagascar",-18.0646,44.0295,Atsinanana,Madagascar,Madagascar,"Toamasina, Madagascar",-18.1499,49.4023,15.75,851
Maintirano,Madagascar,Madagascar,"Maintirano, Madagascar",-18.0646,44.0295,Betsiboka,Madagascar,Madagascar,"Maevatanana, Madagascar",-16.9504,46.8281,13.65,814
Maintirano,Madagascar,Madagascar,"Maintirano, Madagascar",-18.0646,44.0295,Boeny,Madagascar,Madagascar,"Mahajanga, Madagascar",-15.7167,46.3167,18.5,1067
Maintirano,Madagascar,Madagascar,"Maintirano, Madagascar",-18.0646,44.0295,Bongolava,Madagascar,Madagascar,"Tsiroanomandidy, Madagascar",-18.7698,46.05,4.5,292
Maintirano,Madagascar,Madagascar,"Maintirano, Madagascar",-18.0646,44.0295,Diana,Madagascar,Madagascar,"Antsiranana, Madagascar",-12.2667,49.2833,33,1610
Maintirano,Madagascar,Madagascar,"Maintirano, Madagascar",-18.0646,44.0295,Haute Matsiatra,Madagascar,Madagascar,"Fianarantsoa, Madagascar",-21.447,47.0872,14.7,794
Maintirano,Madagascar,Madagascar,"Maintirano, Madagascar",-18.0646,44.0295,Ihorombe,Madagascar,Madagascar,"Ihosy, Madagascar",-22.3961,46.1217,17.7,986
Maintirano,Madagascar,Madagascar,"Maintirano, Madagascar",-18.0646,44.0295,Itasy,Madagascar,Madagascar,"Miarinarivo, Madagascar",-18.9608,46.9036,6.4,414
Maintirano,Madagascar,Madagascar,"Maintirano, Madagascar",-18.0646,44.0295,Melaky,Madagascar,Madagascar,"Maintirano, Madagascar",-18.0646,44.0295,0,0
Maintirano,Madagascar,Madagascar,"Maintirano, Madagascar",-18.0646,44.0295,Menabe,Madagascar,Madagascar,"Morondava, Madagascar",-20.2847,44.3175,17.75,1083
Maintirano,Madagascar,Madagascar,"Maintirano, Madagascar",-18.0646,44.0295,Sava,Madagascar,Madagascar,"Sambava, Madagascar",-14.2667,50.1667,35,1783
Maintirano,Madagascar,Madagascar,"Maintirano, Madagascar",-18.0646,44.0295,Sofia,Madagascar,Madagascar,"Antsohihy, Madagascar",-14.8762,47.9835,20.75,1191
Maintirano,Madagascar,Madagascar,"Maintirano, Madagascar",-18.0646,44.0295,Vakinankaratra,Madagascar,Madagascar,"Antsirabe, Madagascar",-19.8667,47.0333,9.4,553
Maintirano,Madagascar,Madagascar,"Maintirano, Madagascar",-18.0646,44.0295,Vatovavy,Madagascar,Madagascar,"Mananjary, Madagascar",-21.2367,48.3461,16.9,917
Maintirano,Madagascar,Madagascar,"Maintirano, Madagascar",-18.0646,44.0295,Vatovavy-Fitovinany,Madagascar,Madagascar,"Manakara, Madagascar",-22.15,48,17.5,960
Morondava,Madagascar,Madagascar,"Morondava, Madagascar",-20.2847,44.3175,Alaotra-Mangoro,Madagascar,Madagascar,"Ambatondrazaka, Madagascar",-17.8237,48.4263,16,907
Morondava,Madagascar,Madagascar,"Morondava, Madagascar",-20.2847,44.3175,Amoron'i Mania,Madagascar,Madagascar,"Ambositra, Madagascar",-20.5167,47.25,6,439
Morondava,Madagascar,Madagascar,"Morondava, Madagascar",-20.2847,44.3175,Analamanga,Madagascar,Madagascar,"Antananarivo, Madagascar",-18.9085,47.5375,11,645
Morondava,Madagascar,Madagascar,"Morondava, Madagascar",-20.2847,44.3175,Analanjirofo,Madagascar,Madagascar,"Fenoarivo Atsinanana, Madagascar",-17.3843,49.4098,21,1085
Morondava,Madagascar,Madagascar,"Morondava, Madagascar",-20.2847,44.3175,Anosy,Madagascar,Madagascar,"Taolagnaro, Madagascar",-25.0316,46.99,23,1167
Morondava,Madagascar,Madagascar,"Morondava, Madagascar",-20.2847,44.3175,Atsimo-Andrefana,Madagascar,Madagascar,"Toliara, Madagascar",-23.35,43.6667,15,984
Morondava,Madagascar,Madagascar,"Morondava, Madagascar",-20.2847,44.3175,Atsimo-Atsinanana,Madagascar,Madagascar,"Farafangana, Madagascar",-22.8167,47.8167,13,809
Morondava,Madagascar,Madagascar,"Morondava, Madagascar",-20.2847,44.3175,Atsinanana,Madagascar,Madagascar,"Toamasina, Madagascar",-18.1499,49.4023,18,987
Morondava,Madagascar,Madagascar,"Morondava, Madagascar",-20.2847,44.3175,Betsiboka,Madagascar,Madagascar,"Maevatanana, Madagascar",-16.9504,46.8281,16,962
Morondava,Madagascar,Madagascar,"Morondava, Madagascar",-20.2847,44.3175,Boeny,Madagascar,Madagascar,"Mahajanga, Madagascar",-15.7167,46.3167,21,1217
Morondava,Madagascar,Madagascar,"Morondava, Madagascar",-20.2847,44.3175,Bongolava,Madagascar,Madagascar,"Tsiroanomandidy, Madagascar",-18.7698,46.05,12,740
Morondava,Madagascar,Madagascar,"Morondava, Madagascar",-20.2847,44.3175,Diana,Madagascar,Madagascar,"Antsiranana, Madagascar",-12.2667,49.2833,36,1765
Morondava,Madagascar,Madagascar,"Morondava, Madagascar",-20.2847,44.3175,Haute Matsiatra,Madagascar,Madagascar,"Fianarantsoa, Madagascar",-21.447,47.0872,8,540
Morondava,Madagascar,Madagascar,"Morondava, Madagascar",-20.2847,44.3175,Ihorombe,Madagascar,Madagascar,"Ihosy, Madagascar",-22.3961,46.1217,10,660
Morondava,Madagascar,Madagascar,"Morondava, Madagascar",-20.2847,44.3175,Itasy,Madagascar,Madagascar,"Miarinarivo, Madagascar",-18.9608,46.9036,11,665
Morondava,Madagascar,Madagascar,"Morondava, Madagascar",-20.2847,44.3175,Melaky,Madagascar,Madagascar,"Maintirano, Madagascar",-18.0646,44.0295,17.07,1027
Morondava,Madagascar,Madagascar,"Morondava, Madagascar",-20.2847,44.3175,Menabe,Madagascar,Madagascar,"Morondava, Madagascar",-20.2847,44.3175,0,0
Morondava,Madagascar,Madagascar,"Morondava, Madagascar",-20.2847,44.3175,Sava,Madagascar,Madagascar,"Sambava, Madagascar",-14.2667,50.1667,37,1931
Morondava,Madagascar,Madagascar,"Morondava, Madagascar",-20.2847,44.3175,Sofia,Madagascar,Madagascar,"Antsohihy, Madagascar",-14.8762,47.9835,24,1341
Morondava,Madagascar,Madagascar,"Morondava, Madagascar",-20.2847,44.3175,Vakinankaratra,Madagascar,Madagascar,"Antsirabe, Madagascar",-19.8667,47.0333,7,481
Morondava,Madagascar,Madagascar,"Morondava, Madagascar",-20.2847,44.3175,Vatovavy,Madagascar,Madagascar,"Mananjary, Madagascar",-21.2367,48.3461,10,662
Morondava,Madagascar,Madagascar,"Morondava, Madagascar",-20.2847,44.3175,Vatovavy-Fitovinany,Madagascar,Madagascar,"Manakara, Madagascar",-22.15,48,11,708
Antalaha,Madagascar,Madagascar,"Antalaha, Madagascar",-14.8833,50.2833,Alaotra-Mangoro,Madagascar,Madagascar,"Ambatondrazaka, Madagascar",-17.8237,48.4263,24,1134
Antalaha,Madagascar,Madagascar,"Antalaha, Madagascar",-14.8833,50.2833,Amoron'i Mania,Madagascar,Madagascar,"Ambositra, Madagascar",-20.5167,47.25,33,1620
Antalaha,Madagascar,Madagascar,"Antalaha, Madagascar",-14.8833,50.2833,Analamanga,Madagascar,Madagascar,"Antananarivo, Madagascar",-18.9085,47.5375,27,1367
Antalaha,Madagascar,Madagascar,"Antalaha, Madagascar",-14.8833,50.2833,Analanjirofo,Madagascar,Madagascar,"Fenoarivo Atsinanana, Madagascar",-17.3843,49.4098,35,1636
Antalaha,Madagascar,Madagascar,"Antalaha, Madagascar",-14.8833,50.2833,Anosy,Madagascar,Madagascar,"Taolagnaro, Madagascar",-25.0316,46.99,52,2355
Antalaha,Madagascar,Madagascar,"Antalaha, Madagascar",-14.8833,50.2833,Atsimo-Andrefana,Madagascar,Madagascar,"Toliara, Madagascar",-23.35,43.6667,44,2290
Antalaha,Madagascar,Madagascar,"Antalaha, Madagascar",-14.8833,50.2833,Atsimo-Atsinanana,Madagascar,Madagascar,"Farafangana, Madagascar",-22.8167,47.8167,41,2040
Antalaha,Madagascar,Madagascar,"Antalaha, Madagascar",-14.8833,50.2833,Atsinanana,Madagascar,Madagascar,"Toamasina, Madagascar",-18.1499,49.4023,33,1539
Antalaha,Madagascar,Madagascar,"Antalaha, Madagascar",-14.8833,50.2833,Betsiboka,Madagascar,Madagascar,"Maevatanana, Madagascar",-16.9504,46.8281,22,1047
Antalaha,Madagascar,Madagascar,"Antalaha, Madagascar",-14.8833,50.2833,Boeny,Madagascar,Madagascar,"Mahajanga, Madagascar",-15.7167,46.3167,22,1056
Antalaha,Madagascar,Madagascar,"Antalaha, Madagascar",-14.8833,50.2833,Bongolava,Madagascar,Madagascar,"Tsiroanomandidy, Madagascar",-18.7698,46.05,31,1569
Antalaha,Madagascar,Madagascar,"Antalaha, Madagascar",-14.8833,50.2833,Diana,Madagascar,Madagascar,"Antsiranana, Madagascar",-12.2667,49.2833,12,507
Antalaha,Madagascar,Madagascar,"Antalaha, Madagascar",-14.8833,50.2833,Haute Matsiatra,Madagascar,Madagascar,"Fianarantsoa, Madagascar",-21.447,47.0872,36,1772
Antalaha,Madagascar,Madagascar,"Antalaha, Madagascar",-14.8833,50.2833,Ihorombe,Madagascar,Madagascar,"Ihosy, Madagascar",-22.3961,46.1217,39,1965
Antalaha,Madagascar,Madagascar,"Antalaha, Madagascar",-14.8833,50.2833,Itasy,Madagascar,Madagascar,"Miarinarivo, Madagascar",-18.9608,46.9036,29,1449
Antalaha,Madagascar,Madagascar,"Antalaha, Madagascar",-14.8833,50.2833,Melaky,Madagascar,Madagascar,"Maintirano, Madagascar",-18.0646,44.0295,36,1857
Antalaha,Madagascar,Madagascar,"Antalaha, Madagascar",-14.8833,50.2833,Menabe,Madagascar,Madagascar,"Morondava, Madagascar",-20.2847,44.3175,39,2059
Antalaha,Madagascar,Madagascar,"Antalaha, Madagascar",-14.8833,50.2833,Sava,Madagascar,Madagascar,"Sambava, Madagascar",-14.2667,50.1667,1,78
Antalaha,Madagascar,Madagascar,"Antalaha, Madagascar",-14.8833,50.2833,Sofia,Madagascar,Madagascar,"Antsohihy, Madagascar",-14.8762,47.9835,15,672
Antalaha,Madagascar,Madagascar,"Antalaha, Madagascar",-14.8833,50.2833,Vakinankaratra,Madagascar,Madagascar,"Antsirabe, Madagascar",-19.8667,47.0333,31,1529
Antalaha,Madagascar,Madagascar,"Antalaha, Madagascar",-14.8833,50.2833,Vatovavy,Madagascar,Madagascar,"Mananjary, Madagascar",-21.2367,48.3461,38,1894
Antalaha,Madagascar,Madagascar,"Antalaha, Madagascar",-14.8833,50.2833,Vatovavy-Fitovinany,Madagascar,Madagascar,"Manakara, Madagascar",-22.15,48,39,1939
Sambava,Madagascar,Madagascar,"Sambava, Madagascar",-14.2667,50.1667,Alaotra-Mangoro,Madagascar,Madagascar,"Ambatondrazaka, Madagascar",-17.8237,48.4263,23,1055
Sambava,Madagascar,Madagascar,"Sambava, Madagascar",-14.2667,50.1667,Amoron'i Mania,Madagascar,Madagascar,"Ambositra, Madagascar",-20.5167,47.25,31,1541
Sambava,Madagascar,Madagascar,"Sambava, Madagascar",-14.2667,50.1667,Analamanga,Madagascar,Madagascar,"Antananarivo, Madagascar",-18.9085,47.5375,26,1288
Sambava,Madagascar,Madagascar,"Sambava, Madagascar",-14.2667,50.1667,Analanjirofo,Madagascar,Madagascar,"Fenoarivo Atsinanana, Madagascar",-17.3843,49.4098,34,1558
Sambava,Madagascar,Madagascar,"Sambava, Madagascar",-14.2667,50.1667,Anosy,Madagascar,Madagascar,"Taolagnaro, Madagascar",-25.0316,46.99,50,2277
Sambava,Madagascar,Madagascar,"Sambava, Madagascar",-14.2667,50.1667,Atsimo-Andrefana,Madagascar,Madagascar,"Toliara, Madagascar",-23.35,43.6667,43,2211
Sambava,Madagascar,Madagascar,"Sambava, Madagascar",-14.2667,50.1667,Atsimo-Atsinanana,Madagascar,Madagascar,"Farafangana, Madagascar",-22.8167,47.8167,39,1962
Sambava,Madagascar,Madagascar,"Sambava, Madagascar",-14.2667,50.1667,Atsinanana,Madagascar,Madagascar,"Toamasina, Madagascar",-18.1499,49.4023,31,1460
Sambava,Madagascar,Madagascar,"Sambava, Madagascar",-14.2667,50.1667,Betsiboka,Madagascar,Madagascar,"Maevatanana, Madagascar",-16.9504,46.8281,20,968
Sambava,Madagascar,Madagascar,"Sambava, Madagascar",-14.2667,50.1667,Boeny,Madagascar,Madagascar,"Mahajanga, Madagascar",-15.7167,46.3167,21,977
Sambava,Madagascar,Madagascar,"Sambava, Madagascar",-14.2667,50.1667,Bongolava,Madagascar,Madagascar,"Tsiroanomandidy, Madagascar",-18.7698,46.05,29,1491
Sambava,Madagascar,Madagascar,"Sambava, Madagascar",-14.2667,50.1667,Diana,Madagascar,Madagascar,"Antsiranana, Madagascar",-12.2667,49.2833,10,429
Sambava,Madagascar,Madagascar,"Sambava, Madagascar",-14.2667,50.1667,Haute Matsiatra,Madagascar,Madagascar,"Fianarantsoa, Madagascar",-21.447,47.0872,35,1693
Sambava,Madagascar,Madagascar,"Sambava, Madagascar",-14.2667,50.1667,Ihorombe,Madagascar,Madagascar,"Ihosy, Madagascar",-22.3961,46.1217,38,1887
Sambava,Madagascar,Madagascar,"Sambava, Madagascar",-14.2667,50.1667,Itasy,Madagascar,Madagascar,"Miarinarivo, Madagascar",-18.9608,46.9036,28,1370
Sambava,Madagascar,Madagascar,"Sambava, Madagascar",-14.2667,50.1667,Melaky,Madagascar,Madagascar,"Maintirano, Madagascar",-18.0646,44.0295,34,1777
Sambava,Madagascar,Madagascar,"Sambava, Madagascar",-14.2667,50.1667,Menabe,Madagascar,Madagascar,"Morondava, Madagascar",-20.2847,44.3175,38,1980
Sambava,Madagascar,Madagascar,"Sambava, Madagascar",-14.2667,50.1667,Sava,Madagascar,Madagascar,"Sambava, Madagascar",-14.2667,50.1667,0,0
Sambava,Madagascar,Madagascar,"Sambava, Madagascar",-14.2667,50.1667,Sofia,Madagascar,Madagascar,"Antsohihy, Madagascar",-14.8762,47.9835,13,593
Sambava,Madagascar,Madagascar,"Sambava, Madagascar",-14.2667,50.1667,Vakinankaratra,Madagascar,Madagascar,"Antsirabe, Madagascar",-19.8667,47.0333,29,1451
Sambava,Madagascar,Madagascar,"Sambava, Madagascar",-14.2667,50.1667,Vatovavy,Madagascar,Madagascar,"Mananjary, Madagascar",-21.2367,48.3461,37,1815
Sambava,Madagascar,Madagascar,"Sambava, Madagascar",-14.2667,50.1667,Vatovavy-Fitovinany,Madagascar,Madagascar,"Manakara, Madagascar",-22.15,48,38,1860
Antsohihy,Madagascar,Madagascar,"Antsohihy, Madagascar",-14.8762,47.9835,Alaotra-Mangoro,Madagascar,Madagascar,"Ambatondrazaka, Madagascar",-17.8237,48.4263,10,483
Antsohihy,Madagascar,Madagascar,"Antsohihy, Madagascar",-14.8762,47.9835,Amoron'i Mania,Madagascar,Madagascar,"Ambositra, Madagascar",-20.5167,47.25,18,952
Antsohihy,Madagascar,Madagascar,"Antsohihy, Madagascar",-14.8762,47.9835,Analamanga,Madagascar,Madagascar,"Antananarivo, Madagascar",-18.9085,47.5375,13,698
Antsohihy,Madagascar,Madagascar,"Antsohihy, Madagascar",-14.8762,47.9835,Analanjirofo,Madagascar,Madagascar,"Fenoarivo Atsinanana, Madagascar",-17.3843,49.4098,21,986
Antsohihy,Madagascar,Madagascar,"Antsohihy, Madagascar",-14.8762,47.9835,Anosy,Madagascar,Madagascar,"Taolagnaro, Madagascar",-25.0316,46.99,37,1687
Antsohihy,Madagascar,Madagascar,"Antsohihy, Madagascar",-14.8762,47.9835,Atsimo-Andrefana,Madagascar,Madagascar,"Toliara, Madagascar",-23.35,43.6667,29,1621
Antsohihy,Madagascar,Madagascar,"Antsohihy, Madagascar",-14.8762,47.9835,Atsimo-Atsinanana,Madagascar,Madagascar,"Farafangana, Madagascar",-22.8167,47.8167,26,1372
Antsohihy,Madagascar,Madagascar,"Antsohihy, Madagascar",-14.8762,47.9835,Atsinanana,Madagascar,Madagascar,"Toamasina, Madagascar",-18.1499,49.4023,18,888
Antsohihy,Madagascar,Madagascar,"Antsohihy, Madagascar",-14.8762,47.9835,Betsiboka,Madagascar,Madagascar,"Maevatanana, Madagascar",-16.9504,46.8281,7,379
Antsohihy,Madagascar,Madagascar,"Antsohihy, Madagascar",-14.8762,47.9835,Boeny,Madagascar,Madagascar,"Mahajanga, Madagascar",-15.7167,46.3167,7,387
Antsohihy,Madagascar,Madagascar,"Antsohihy, Madagascar",-14.8762,47.9835,Bongolava,Madagascar,Madagascar,"Tsiroanomandidy, Madagascar",-18.7698,46.05,16,901
Antsohihy,Madagascar,Madagascar,"Antsohihy, Madagascar",-14.8762,47.9835,Diana,Madagascar,Madagascar,"Antsiranana, Madagascar",-12.2667,49.2833,12,427
Antsohihy,Madagascar,Madagascar,"Antsohihy, Madagascar",-14.8762,47.9835,Haute Matsiatra,Madagascar,Madagascar,"Fianarantsoa, Madagascar",-21.447,47.0872,21,1103
Antsohihy,Madagascar,Madagascar,"Antsohihy, Madagascar",-14.8762,47.9835,Ihorombe,Madagascar,Madagascar,"Ihosy, Madagascar",-22.3961,46.1217,24,1297
Antsohihy,Madagascar,Madagascar,"Antsohihy, Madagascar",-14.8762,47.9835,Itasy,Madagascar,Madagascar,"Miarinarivo, Madagascar",-18.9608,46.9036,14,780
Antsohihy,Madagascar,Madagascar,"Antsohihy, Madagascar",-14.8762,47.9835,Melaky,Madagascar,Madagascar,"Maintirano, Madagascar",-18.0646,44.0295,20.67,1184
Antsohihy,Madagascar,Madagascar,"Antsohihy, Madagascar",-14.8762,47.9835,Menabe,Madagascar,Madagascar,"Morondava, Madagascar",-20.2847,44.3175,24,1390
Antsohihy,Madagascar,Madagascar,"Antsohihy, Madagascar",-14.8762,47.9835,Sava,Madagascar,Madagascar,"Sambava, Madagascar",-14.2667,50.1667,13,593
Antsohihy,Madagascar,Madagascar,"Antsohihy, Madagascar",-14.8762,47.9835,Sofia,Madagascar,Madagascar,"Antsohihy, Madagascar",-14.8762,47.9835,0,0
Antsohihy,Madagascar,Madagascar,"Antsohihy, Madagascar",-14.8762,47.9835,Vakinankaratra,Madagascar,Madagascar,"Antsirabe, Madagascar",-19.8667,47.0333,16,861
Antsohihy,Madagascar,Madagascar,"Antsohihy, Madagascar",-14.8762,47.9835,Vatovavy,Madagascar,Madagascar,"Mananjary, Madagascar",-21.2367,48.3461,23,1225
Antsohihy,Madagascar,Madagascar,"Antsohihy, Madagascar",-14.8762,47.9835,Vatovavy-Fitovinany,Madagascar,Madagascar,"Manakara, Madagascar",-22.15,48,24,1271
Manakara,Madagascar,Madagascar,"Manakara, Madagascar",-22.15,48,Alaotra-Mangoro,Madagascar,Madagascar,"Ambatondrazaka, Madagascar",-17.8237,48.4263,17,836
Manakara,Madagascar,Madagascar,"Manakara, Madagascar",-22.15,48,Amoron'i Mania,Madagascar,Madagascar,"Ambositra, Madagascar",-20.5167,47.25,6,319
Manakara,Madagascar,Madagascar,"Manakara, Madagascar",-22.15,48,Analamanga,Madagascar,Madagascar,"Antananarivo, Madagascar",-18.9085,47.5375,11,574
Manakara,Madagascar,Madagascar,"Manakara, Madagascar",-22.15,48,Analanjirofo,Madagascar,Madagascar,"Fenoarivo Atsinanana, Madagascar",-17.3843,49.4098,17,721
Manakara,Madagascar,Madagascar,"Manakara, Madagascar",-22.15,48,Anosy,Madagascar,Madagascar,"Taolagnaro, Madagascar",-25.0316,46.99,12,417
Manakara,Madagascar,Madagascar,"Manakara, Madagascar",-22.15,48,Atsimo-Andrefana,Madagascar,Madagascar,"Toliara, Madagascar",-23.35,43.6667,11,698
Manakara,Madagascar,Madagascar,"Manakara, Madagascar",-22.15,48,Atsimo-Atsinanana,Madagascar,Madagascar,"Farafangana, Madagascar",-22.8167,47.8167,1,101
Manakara,Madagascar,Madagascar,"Manakara, Madagascar",-22.15,48,Atsinanana,Madagascar,Madagascar,"Toamasina, Madagascar",-18.1499,49.4023,14,624
Manakara,Madagascar,Madagascar,"Manakara, Madagascar",-22.15,48,Betsiboka,Madagascar,Madagascar,"Maevatanana, Madagascar",-16.9504,46.8281,17,891
Manakara,Madagascar,Madagascar,"Manakara, Madagascar",-22.15,48,Boeny,Madagascar,Madagascar,"Mahajanga, Madagascar",-15.7167,46.3167,22,1146
Manakara,Madagascar,Madagascar,"Manakara, Madagascar",-22.15,48,Bongolava,Madagascar,Madagascar,"Tsiroanomandidy, Madagascar",-18.7698,46.05,13,669
Manakara,Madagascar,Madagascar,"Manakara, Madagascar",-22.15,48,Diana,Madagascar,Madagascar,"Antsiranana, Madagascar",-12.2667,49.2833,36,1694
Manakara,Madagascar,Madagascar,"Manakara, Madagascar",-22.15,48,Haute Matsiatra,Madagascar,Madagascar,"Fianarantsoa, Madagascar",-21.447,47.0872,4,243
Manakara,Madagascar,Madagascar,"Manakara, Madagascar",-22.15,48,Ihorombe,Madagascar,Madagascar,"Ihosy, Madagascar",-22.3961,46.1217,6,373
Manakara,Madagascar,Madagascar,"Manakara, Madagascar",-22.15,48,Itasy,Madagascar,Madagascar,"Miarinarivo, Madagascar",-18.9608,46.9036,12,594
Manakara,Madagascar,Madagascar,"Manakara, Madagascar",-22.15,48,Melaky,Madagascar,Madagascar,"Maintirano, Madagascar",-18.0646,44.0295,17.38,952
Manakara,Madagascar,Madagascar,"Manakara, Madagascar",-22.15,48,Menabe,Madagascar,Madagascar,"Morondava, Madagascar",-20.2847,44.3175,11,707
Manakara,Madagascar,Madagascar,"Manakara, Madagascar",-22.15,48,Sava,Madagascar,Madagascar,"Sambava, Madagascar",-14.2667,50.1667,38,1860
Manakara,Madagascar,Madagascar,"Manakara, Madagascar",-22.15,48,Sofia,Madagascar,Madagascar,"Antsohihy, Madagascar",-14.8762,47.9835,24,1270
Manakara,Madagascar,Madagascar,"Manakara, Madagascar",-22.15,48,Vakinankaratra,Madagascar,Madagascar,"Antsirabe, Madagascar",-19.8667,47.0333,8,409
Manakara,Madagascar,Madagascar,"Manakara, Madagascar",-22.15,48,Vatovavy,Madagascar,Madagascar,"Mananjary, Madagascar",-21.2367,48.3461,2,163
Manakara,Madagascar,Madagascar,"Manakara, Madagascar",-22.15,48,Vatovavy-Fitovinany,Madagascar,Madagascar,"Manakara, Madagascar",-22.15,48,0,0
Ambatondrazaka,Madagascar,Madagascar,"Ambatondrazaka, Madagascar",-17.8237,48.4263,Androy,Madagascar,Madagascar,"Ambovombe-Androy, Madagascar",-25.17613271,46.08937803,26,1262
Ambositra,Madagascar,Madagascar,"Ambositra, Madagascar",-20.5167,47.25,Androy,Madagascar,Madagascar,"Ambovombe-Androy, Madagascar",-25.17613271,46.08937803,15,745
Antananarivo Renivohitra,Madagascar,Madagascar,"Antananarivo Renivohitra, Madagascar",-18.9085,47.5375,Androy,Madagascar,Madagascar,"Ambovombe-Androy, Madagascar",-25.17613271,46.08937803,21,1000
Fenerive Est,Madagascar,Madagascar,"Fenerive Est, Madagascar",-17.3843,49.4098,Androy,Madagascar,Madagascar,"Ambovombe-Androy, Madagascar",-25.17613271,46.08937803,29,1332
Sainte-Marie,Madagascar,Madagascar,"Sainte-Marie, Madagascar",-16.9167,49.9,Androy,Madagascar,Madagascar,"Ambovombe-Androy, Madagascar",-25.17613271,46.08937803,31.75,1420
Maroantsetra,Madagascar,Madagascar,"Maroantsetra, Madagascar",-15.4309,49.7583,Androy,Madagascar,Madagascar,"Ambovombe-Androy, Madagascar",-25.17613271,46.08937803,42,1626
Mananara,Madagascar,Madagascar,"Mananara, Madagascar",-16.1702,49.7741,Androy,Madagascar,Madagascar,"Ambovombe-Androy, Madagascar",-25.17613271,46.08937803,36,1520
Soanierana Ivongo,Madagascar,Madagascar,"Soanierana Ivongo, Madagascar",-16.9261,49.5871,Androy,Madagascar,Madagascar,"Ambovombe-Androy, Madagascar",-25.17613271,46.08937803,30,1395
Taolagnaro,Madagascar,Madagascar,"Taolagnaro, Madagascar",-25.0316,46.99,Androy,Madagascar,Madagascar,"Ambovombe-Androy, Madagascar",-25.17613271,46.08937803,3,107
Ampanihy,Madagascar,Madagascar,"Ampanihy, Madagascar",-24.69353,44.74662,Androy,Madagascar,Madagascar,"Ambovombe-Androy, Madagascar",-25.17613271,46.08937803,5.13,214
Toliary I,Madagascar,Madagascar,"Toliara, Madagascar",-23.35,43.6667,Androy,Madagascar,Madagascar,"Ambovombe-Androy, Madagascar",-25.17613271,46.08937803,11,499
Benenitra,Madagascar,Madagascar,"Benenitra, Madagascar",-23.4522,45.0781,Androy,Madagascar,Madagascar,"Ambovombe-Androy, Madagascar",-25.17613271,46.08937803,9.46,424
Midongy,Madagascar,Madagascar,"Midongy, Madagascar",-23.42605,47.05908,Androy,Madagascar,Madagascar,"Ambovombe-Androy, Madagascar",-25.17613271,46.08937803,22.5,469
Farafangana,Madagascar,Madagascar,"Farafangana, Madagascar",-22.8167,47.8167,Androy,Madagascar,Madagascar,"Ambovombe-Androy, Madagascar",-25.17613271,46.08937803,13,420
Vangaindrano,Madagascar,Madagascar,"Vangaindrano, Madagascar",-23.3505,47.6088,Androy,Madagascar,Madagascar,"Ambovombe-Androy, Madagascar",-25.17613271,46.08937803,12,345
Toamasina I,Madagascar,Madagascar,"Toamasina I, Madagascar",-18.1499,49.4023,Androy,Madagascar,Madagascar,"Ambovombe-Androy, Madagascar",-25.17613271,46.08937803,27,1234
Maevatanana,Madagascar,Madagascar,"Maevatanana, Madagascar",-16.9504,46.8281,Androy,Madagascar,Madagascar,"Ambovombe-Androy, Madagascar",-25.17613271,46.08937803,26,1317
Mahajanga I,Madagascar,Madagascar,"Mahajanga I, Madagascar",-15.7167,46.3167,Androy,Madagascar,Madagascar,"Ambovombe-Androy, Madagascar",-25.17613271,46.08937803,31,1572
Ambanja,Madagascar,Madagascar,"Ambanja, Madagascar",-13.6804,48.4555,Androy,Madagascar,Madagascar,"Ambovombe-Androy, Madagascar",-25.17613271,46.08937803,38,1881
Miarinarivo,Madagascar,Madagascar,"Miarinarivo, Madagascar",-18.9608,46.9036,Androy,Madagascar,Madagascar,"Ambovombe-Androy, Madagascar",-25.17613271,46.08937803,21,1020
Maintirano,Madagascar,Madagascar,"Maintirano, Madagascar",-18.0646,44.0295,Androy,Madagascar,Madagascar,"Ambovombe-Androy, Madagascar",-25.17613271,46.08937803,26,1335
Morondava,Madagascar,Madagascar,"Morondava, Madagascar",-20.2847,44.3175,Androy,Madagascar,Madagascar,"Ambovombe-Androy, Madagascar",-25.17613271,46.08937803,19,1059
Antalaha,Madagascar,Madagascar,"Antalaha, Madagascar",-14.8833,50.2833,Androy,Madagascar,Madagascar,"Ambovombe-Androy, Madagascar",-25.17613271,46.08937803,48,2364
Sambava,Madagascar,Madagascar,"Sambava, Madagascar",-14.2667,50.1667,Androy,Madagascar,Madagascar,"Ambovombe-Androy, Madagascar",-25.17613271,46.08937803,47,2286
Antsohihy,Madagascar,Madagascar,"Antsohihy, Madagascar",-14.8762,47.9835,Androy,Madagascar,Madagascar,"Ambovombe-Androy, Madagascar",-25.17613271,46.08937803,33,1696
Manakara,Madagascar,Madagascar,"Manakara, Madagascar",-22.15,48,Androy,Madagascar,Madagascar,"Ambovombe-Androy, Madagascar",-25.17613271,46.08937803,15,521
Ambovombe,Madagascar,Madagascar,"Ambovombe, Madagascar",-25.17613271,46.08937803,Alaotra-Mangoro,Madagascar,Madagascar,"Ambatondrazaka, Madagascar",-17.8237,48.4263,26,1262
Ambovombe,Madagascar,Madagascar,"Ambovombe, Madagascar",-25.17613271,46.08937803,Amoron'i Mania,Madagascar,Madagascar,"Ambositra, Madagascar",-20.5167,47.25,15,744
Ambovombe,Madagascar,Madagascar,"Ambovombe, Madagascar",-25.17613271,46.08937803,Analamanga,Madagascar,Madagascar,"Antananarivo, Madagascar",-18.9085,47.5375,21,1000
Ambovombe,Madagascar,Madagascar,"Ambovombe, Madagascar",-25.17613271,46.08937803,Analanjirofo,Madagascar,Madagascar,"Fenoarivo Atsinanana, Madagascar",-17.3843,49.4098,30,1349
Ambovombe,Madagascar,Madagascar,"Ambovombe, Madagascar",-25.17613271,46.08937803,Androy,Madagascar,Madagascar,"Ambovombe-Androy, Madagascar",-25.17613271,46.08937803,0,0
Ambovombe,Madagascar,Madagascar,"Ambovombe, Madagascar",-25.17613271,46.08937803,Anosy,Madagascar,Madagascar,"Taolagnaro, Madagascar",-25.0316,46.99,3,107
Ambovombe,Madagascar,Madagascar,"Ambovombe, Madagascar",-25.17613271,46.08937803,Atsimo-Andrefana,Madagascar,Madagascar,"Toliara, Madagascar",-23.35,43.6667,11,499
Ambovombe,Madagascar,Madagascar,"Ambovombe, Madagascar",-25.17613271,46.08937803,Atsimo-Atsinanana,Madagascar,Madagascar,"Farafangana, Madagascar",-22.8167,47.8167,13,420
Ambovombe,Madagascar,Madagascar,"Ambovombe, Madagascar",-25.17613271,46.08937803,Atsinanana,Madagascar,Madagascar,"Toamasina, Madagascar",-18.1499,49.4023,27,1252
Ambovombe,Madagascar,Madagascar,"Ambovombe, Madagascar",-25.17613271,46.08937803,Betsiboka,Madagascar,Madagascar,"Maevatanana, Madagascar",-16.9504,46.8281,26,1317
Ambovombe,Madagascar,Madagascar,"Ambovombe, Madagascar",-25.17613271,46.08937803,Boeny,Madagascar,Madagascar,"Mahajanga, Madagascar",-15.7167,46.3167,31,1572
Ambovombe,Madagascar,Madagascar,"Ambovombe, Madagascar",-25.17613271,46.08937803,Bongolava,Madagascar,Madagascar,"Tsiroanomandidy, Madagascar",-18.7698,46.05,22,1095
Ambovombe,Madagascar,Madagascar,"Ambovombe, Madagascar",-25.17613271,46.08937803,Diana,Madagascar,Madagascar,"Antsiranana, Madagascar",-12.2667,49.2833,45,2120
Ambovombe,Madagascar,Madagascar,"Ambovombe, Madagascar",-25.17613271,46.08937803,Haute Matsiatra,Madagascar,Madagascar,"Fianarantsoa, Madagascar",-21.447,47.0872,12,593
Ambovombe,Madagascar,Madagascar,"Ambovombe, Madagascar",-25.17613271,46.08937803,Ihorombe,Madagascar,Madagascar,"Ihosy, Madagascar",-22.3961,46.1217,9,400
Ambovombe,Madagascar,Madagascar,"Ambovombe, Madagascar",-25.17613271,46.08937803,Itasy,Madagascar,Madagascar,"Miarinarivo, Madagascar",-18.9608,46.9036,21,1019
Ambovombe,Madagascar,Madagascar,"Ambovombe, Madagascar",-25.17613271,46.08937803,Melaky,Madagascar,Madagascar,"Maintirano, Madagascar",-18.0646,44.0295,26,1387
Ambovombe,Madagascar,Madagascar,"Ambovombe, Madagascar",-25.17613271,46.08937803,Menabe,Madagascar,Madagascar,"Morondava, Madagascar",-20.2847,44.3175,19,1059
Ambovombe,Madagascar,Madagascar,"Ambovombe, Madagascar",-25.17613271,46.08937803,Sava,Madagascar,Madagascar,"Sambava, Madagascar",-14.2667,50.1667,47,2286
Ambovombe,Madagascar,Madagascar,"Ambovombe, Madagascar",-25.17613271,46.08937803,Sofia,Madagascar,Madagascar,"Antsohihy, Madagascar",-14.8762,47.9835,33,1696
Ambovombe,Madagascar,Madagascar,"Ambovombe, Madagascar",-25.17613271,46.08937803,Vakinankaratra,Madagascar,Madagascar,"Antsirabe, Madagascar",-19.8667,47.0333,17,835
Ambovombe,Madagascar,Madagascar,"Ambovombe, Madagascar",-25.17613271,46.08937803,Vatovavy,Madagascar,Madagascar,"Mananjary, Madagascar",-21.2367,48.3461,16,791
Ambovombe,Madagascar,Madagascar,"Ambovombe, Madagascar",-25.17613271,46.08937803,Vatovavy-Fitovinany,Madagascar,Madagascar,"Manakara, Madagascar",-22.15,48,15,521
